platform,title,text,rating,author,date,url,scraped_at,metadata
app_store,SPOTIFY,YouTube videos? Is there a way to delete those?,4.0,Scoutthedemon,2026-06-18T22:09:14-07:00,14200028218,2026-06-20T10:16:13.050425+00:00,{'review_id': '14200028218'}
app_store,xosoulja,awsome 🤙🤙,5.0,souljah head,2026-06-18T22:06:31-07:00,14200022132,2026-06-20T10:16:13.050452+00:00,{'review_id': '14200022132'}
app_store,Amazing! But to many adds,I love this app to listen to music but people without premium gets so many adds random stuff like can’t fast forward a song or how many times we can pick a song. I’ve seen that people couldn’t even play songs. I think it’s unfair that us people don’t have a lot when we don’t have premium.,4.0,mary.516,2026-06-18T21:58:03-07:00,14200003472,2026-06-20T10:16:13.050468+00:00,{'review_id': '14200003472'}
app_store,Ads,This is good but TERRIBLE each time a song changes an ad is played or every 30 seconds to get premium and it’s just way too much ads then it’s soo much for premium im just going to go back to apple music,1.0,favlightskin_,2026-06-18T21:58:00-07:00,14200003367,2026-06-20T10:16:13.050476+00:00,{'review_id': '14200003367'}
app_store,BAD APP,"u literally have to pay for everything.. like what ? , and they say 30 mins of no ads , whole time its 5 mins genuinely hate this app",1.0,Kailee MM,2026-06-18T21:56:33-07:00,14199999982,2026-06-20T10:16:13.050485+00:00,{'review_id': '14199999982'}
app_store,What is this?,"This app is good but it has WAY TO MANY ADDS I GET ONE AFTER EVERY SINGLE SONG, and why do I have to buy the premium membership in order to listen to the song on repeat it’s ridicules, I like how you can find every single song but still it’s crazy and pandora is free, doesn’t have adds, you can listen to it on repeat, and I find literally every single song I’m looking for even new ones",3.0,I watch2ManySHOWS,2026-06-18T21:56:17-07:00,14199999330,2026-06-20T10:16:13.050497+00:00,{'review_id': '14199999330'}
app_store,Ye,Ye,5.0,Mason Clash,2026-06-18T21:56:14-07:00,14199999213,2026-06-20T10:16:13.050504+00:00,{'review_id': '14199999213'}
app_store,No,It won’t let me play a random son unless I give money,1.0,Hunter8535,2026-06-18T21:50:49-07:00,14199987096,2026-06-20T10:16:13.050511+00:00,{'review_id': '14199987096'}
app_store,Spotify is perfect…but expensive,"The premium needs to come down, however the app is pretty perfect otherwise (if i were to really nitpick the fact that it deletes your listening stats after a few weeks sucks)",4.0,Vo!ce of reason,2026-06-18T21:45:53-07:00,14199975860,2026-06-20T10:16:13.050518+00:00,{'review_id': '14199975860'}
app_store,So manny ads,The app is overall pretty good it’s got all the songs I like it’s got podcasts but the only thing that gets on my nerves is the adds just gonna say if you don’t have premium good luck.,4.0,LeBron lover 2332,2026-06-18T21:43:43-07:00,14199970856,2026-06-20T10:16:13.050526+00:00,{'review_id': '14199970856'}
app_store,Real listener subscriber from overseas to the Dreams comment:,"The Best, feels like on free subscription 👌",5.0,Janvierh,2026-06-18T21:41:20-07:00,14199965461,2026-06-20T10:16:13.050533+00:00,{'review_id': '14199965461'}
app_store,Zzz,Good vibes spot iffy lol,5.0,Zachery Fraser,2026-06-18T21:41:06-07:00,14199964908,2026-06-20T10:16:13.050540+00:00,{'review_id': '14199964908'}
app_store,Best,Best,5.0,Okjfgfv,2026-06-18T21:32:21-07:00,14199945209,2026-06-20T10:16:13.050547+00:00,{'review_id': '14199945209'}
app_store,Amazing,"This app is amazing have good graphics it’s really good I am happy for finding this app
I can create my own playlist is my favor part",4.0,Boostfer,2026-06-18T21:30:35-07:00,14199941209,2026-06-20T10:16:13.050555+00:00,{'review_id': '14199941209'}
app_store,Love it but hate it,"Love the app but even with family premium it will not let me access my PURCHASED audio books and stuff related in thy sense. I would love to be able to view the things I pay for, but I guess amazon is just another LEECHING company like all the others.",2.0,danielle_qq,2026-06-18T21:29:06-07:00,14199937911,2026-06-20T10:16:13.050562+00:00,{'review_id': '14199937911'}
app_store,well tickle my feet and call me pete!,it’s a really good app but its potential is limited if you don’t have premium.,3.0,pete_0562,2026-06-18T21:27:01-07:00,14199933118,2026-06-20T10:16:13.050572+00:00,{'review_id': '14199933118'}
app_store,Rating,Spotify with premium is so awesome but without yall treating us like a dog😭💔,5.0,thatethiopianboy,2026-06-18T21:26:54-07:00,14199932810,2026-06-20T10:16:13.050582+00:00,{'review_id': '14199932810'}
app_store,🥵,it’s lit,5.0,Ihateyoo6661819193728102618,2026-06-18T21:25:56-07:00,14199930646,2026-06-20T10:16:13.050592+00:00,{'review_id': '14199930646'}
app_store,Great!!!,This app is great for kids and adults and premeuim is even better I highly recommend,5.0,So great I would recomrnd,2026-06-18T21:25:51-07:00,14199930438,2026-06-20T10:16:13.050600+00:00,{'review_id': '14199930438'}
app_store,D,I like putting £€*£<% &&@,5.0,Boi germs,2026-06-18T21:23:38-07:00,14199925377,2026-06-20T10:16:13.050607+00:00,{'review_id': '14199925377'}
app_store,Ads,"I wish there were less ads and like if I have a playlist, I want it to go in the same order as the songs are. Thank you, have a nice day!! I loveee Spotify 👑👑",4.0,Ads & playlist,2026-06-18T21:22:05-07:00,14199921803,2026-06-20T10:16:13.050616+00:00,{'review_id': '14199921803'}
app_store,listen to yulia,Bro yuliasfear is the greatest band on this earth bro,5.0,yuliasfear,2026-06-18T21:21:49-07:00,14199921199,2026-06-20T10:16:13.050623+00:00,{'review_id': '14199921199'}
app_store,"Much to like, a bit expensive though",Enjoy the variety of music and podcasts. Am frustrated that with the premium membership I get a limited number of audio book hours each month.,4.0,make the prices cheaper plase,2026-06-18T21:19:58-07:00,14199916933,2026-06-20T10:16:13.050630+00:00,{'review_id': '14199916933'}
app_store,This is the best app to use to listen to musics but one problem.,"This app is good to listen on but i had to take off two stars because after a couple listens to sone songs you choose it cost money to freely chose anything unlimitedly. Can’t it be free? And the skips too, I mean yea the app just doesn’t need to be payed to listen to unlimited musics but just add a donation button where people can donate. Thx, I maybe wrong but who knows :)",3.0,冷面女神,2026-06-18T21:17:11-07:00,14199910391,2026-06-20T10:16:13.050639+00:00,{'review_id': '14199910391'}
app_store,vro,"genuinely best app to be lended to mankind, download this if yall don’t have it already. it definitely helps with your mental health if it’s bad, music calms your brain and this app has definitely been a huge help!!",5.0,God’schildnaomi,2026-06-18T21:16:13-07:00,14199908140,2026-06-20T10:16:13.050646+00:00,{'review_id': '14199908140'}
app_store,Capitalist hell,"I think this is the greediest company/app I have ever encountered oh my gosh 
Having no premium is like fight through every layer of hell please send help",1.0,not buffy,2026-06-18T21:13:44-07:00,14199902471,2026-06-20T10:16:13.050653+00:00,{'review_id': '14199902471'}
app_store,I had to make a title,Listen every day and 12.99 isn’t that much for premium(I am a child so I don’t pay bills ) it’s also got every song I listen to,5.0,The second coming pt.6,2026-06-18T21:07:55-07:00,14199889174,2026-06-20T10:16:13.050661+00:00,{'review_id': '14199889174'}
app_store,Awesome,"Wonderful, you can make a free account",5.0,🎀 Timberlee 🎀 ✧,2026-06-18T20:46:19-07:00,14199839477,2026-06-20T10:16:13.050670+00:00,{'review_id': '14199839477'}
app_store,Beats other music apps,I love Spotify because it has a DJ which picks out your music,5.0,Lawyer eli,2026-06-18T20:45:32-07:00,14199837693,2026-06-20T10:16:13.050678+00:00,{'review_id': '14199837693'}
app_store,Issue with ads,Idk if this is normal but recently I’ve been getting 4 adds after each song like I’ll be listening to smth and after each song there’s ads. It gets rlly annoying and plus I can’t get premium because I’m broke,3.0,I’mleakingsperm,2026-06-18T20:45:22-07:00,14199837311,2026-06-20T10:16:13.050686+00:00,{'review_id': '14199837311'}
app_store,Top Podcast Episodes,I want the top podcast episodes back,2.0,Requestfromlistener,2026-06-18T20:43:31-07:00,14199832944,2026-06-20T10:16:13.050693+00:00,{'review_id': '14199832944'}
app_store,So nice,No ads! Great selection!,5.0,Sylqwert,2026-06-18T20:41:42-07:00,14199828530,2026-06-20T10:16:13.050700+00:00,{'review_id': '14199828530'}
app_store,Why do you have to pay for everything!!! It used to be free😡,"you have to pay to not listen to ads which I understand it's been like that but now you have to pay if you want to listen to any music after you use your free passes for the day.its crazy you have to have extra money to pay for songs you want to listen to. I'm still going to use it because any other app that is for listening to music sucks but still it's crazy, it used to be free! But other than that I think the app is good and not very complicated like other apps.lol.im giving it  3 stars just because of the paying for stuff. I know this review won't make a difference but I'm still writing it to maybe think of better things!!!!!! Bueeeee",3.0,Paisweeeeeee,2026-06-18T20:38:21-07:00,14199820711,2026-06-20T10:16:13.050708+00:00,{'review_id': '14199820711'}
app_store,Too many adds,There are way to many adds now days but other than that it’s amazing!,3.0,Thomas0529,2026-06-18T20:35:52-07:00,14199814838,2026-06-20T10:16:13.050716+00:00,{'review_id': '14199814838'}
app_store,Smart shuffle,Smart shuffle ruined Spotify because you can’t listen to the songs you want without going back to the app and changing it yourself,2.0,Noel pagan,2026-06-18T20:30:12-07:00,14199801269,2026-06-20T10:16:13.050723+00:00,{'review_id': '14199801269'}
app_store,Good Music to Listen to,"I can listen to all my favorite artists but it’s just the ads that are a problem, don’t feel like paying for Premium.",4.0,Not_pong,2026-06-18T20:27:56-07:00,14199795881,2026-06-20T10:16:13.050730+00:00,{'review_id': '14199795881'}
app_store,Really fun app,"I love listening to music on here, def should get",5.0,Faith3ndndixfg,2026-06-18T20:25:49-07:00,14199790777,2026-06-20T10:16:13.050740+00:00,{'review_id': '14199790777'}
app_store,WOAH,GENUINELY SO AWSSOME MAN ITS THE ONLY THING KEEPING ME SANE,5.0,milooooo!,2026-06-18T20:23:25-07:00,14199785007,2026-06-20T10:16:13.050747+00:00,{'review_id': '14199785007'}
app_store,one song,"let me pick one song, i have had premium but lost it recently and i never got why everyone hates spotify and that’s why cause yall are so stupid i can’t even play one song so what good is r you guys",1.0,blehblehboomclap,2026-06-18T20:22:54-07:00,14199783755,2026-06-20T10:16:13.050753+00:00,{'review_id': '14199783755'}
app_store,Crush ice,"Should not have ran ICE adds, what trash person allows that !?!",1.0,Nomegusta123,2026-06-18T20:15:37-07:00,14199765988,2026-06-20T10:16:13.050761+00:00,{'review_id': '14199765988'}
app_store,Plays same songs over and over,App won’t stop playing the same songs over and over within your playlist.,1.0,Angel Gamon,2026-06-18T20:15:37-07:00,14199766002,2026-06-20T10:16:13.050768+00:00,{'review_id': '14199766002'}
app_store,Can't even listen to the music anymore,I don't have spotify premium and now I can't listen to any songs at all. Like what's the point anymore genuinely? I get that spotify is a company and they need to make money but I feel like they've gone too far. Now I literally can't even listen to anything anymore without spotify premium. What's the point if I can't even use it AT ALL?,2.0,oogaboogathebird,2026-06-18T20:14:43-07:00,14199763825,2026-06-20T10:16:13.050778+00:00,{'review_id': '14199763825'}
app_store,Spotfiy,I love the app it’s so good I’m using it all the time,5.0,Gvgg go,2026-06-18T20:01:00-07:00,14199730250,2026-06-20T10:16:13.050800+00:00,{'review_id': '14199730250'}
app_store,Best listening app,Only app I have used for music and podcasts for over 15 years now.,5.0,Spicolli805,2026-06-18T19:57:45-07:00,14199721893,2026-06-20T10:16:13.050808+00:00,{'review_id': '14199721893'}
app_store,.,"The only thing is the shuffle!!!Omg
 so terrible",5.0,iccyjasmine,2026-06-18T19:54:28-07:00,14199713680,2026-06-20T10:16:13.050816+00:00,{'review_id': '14199713680'}
app_store,Spotify,"It’s good if your paying 800$ a month (exaggeration). Money is tight right now and so we had to cancel paying for spotify and it turned into the worst app possible. everything is on “ shuffle” but it doesn’t even play the songs from the playlist you pick, it gives you “suggested” songs that are completely different. The ads are after EVERY song, and there’s two..Spotify if you see this, please change whatever you’re doing or lower prices. other then that i love the app a lot more then any other music apps.",2.0,please work out your problems,2026-06-18T19:45:32-07:00,14199691787,2026-06-20T10:16:13.050823+00:00,{'review_id': '14199691787'}
app_store,Not worth it anymore,Software is actively getting worse.,1.0,hdgwiwk,2026-06-18T19:44:30-07:00,14199689150,2026-06-20T10:16:13.050830+00:00,{'review_id': '14199689150'}
app_store,Spotify advertised ICE,No self respecting company should support this hatred,1.0,JessMG15,2026-06-18T19:35:07-07:00,14199665724,2026-06-20T10:16:13.050838+00:00,{'review_id': '14199665724'}
app_store,Duo,Duo is really hard to get going,1.0,Bravo Niner,2026-06-18T19:28:35-07:00,14199649063,2026-06-20T10:16:13.050845+00:00,{'review_id': '14199649063'}
app_store,Da best,Beeesssssssttt app ever I love Spotify,5.0,Ads game full of ads,2026-06-18T19:28:19-07:00,14199648424,2026-06-20T10:16:14.720444+00:00,{'review_id': '14199648424'}
app_store,Great music listening experience,"Genuinely how I get through my day, thank you Spotify",5.0,Mysteryyyyyoooo,2026-06-18T19:26:32-07:00,14199643846,2026-06-20T10:16:14.720465+00:00,{'review_id': '14199643846'}
app_store,Amazing!,I absolutely love this app!,5.0,Just-a-guy-lol,2026-06-18T19:24:26-07:00,14199638599,2026-06-20T10:16:14.720474+00:00,{'review_id': '14199638599'}
app_store,What’s going on,Ever time I want to search up a song it says there’s nothing I JUST WANT TO LISTEN TO A NEW SONG and plus the app is extremely laggy now ands I don’t know what’s happening,3.0,I make rewiews guy,2026-06-18T19:20:57-07:00,14199629723,2026-06-20T10:16:14.720482+00:00,{'review_id': '14199629723'}
app_store,שיר טוב,זה טוב,5.0,זה כף לישמע,2026-06-18T19:14:06-07:00,14199611894,2026-06-20T10:16:14.720489+00:00,{'review_id': '14199611894'}
app_store,#1 out of all,"Got everything you need and still growing, new things keep being added to make this app better and I’ve tried other apps and I’ve stuck here",5.0,"Jason, p",2026-06-18T19:12:51-07:00,14199608773,2026-06-20T10:16:14.720495+00:00,{'review_id': '14199608773'}
app_store,Love,I love how Spotify has all my favorite music especially forever13 it is such a good song I also love how Spotify find songs that are just like songs I like,5.0,Norah 🥒,2026-06-18T19:12:50-07:00,14199608736,2026-06-20T10:16:14.720501+00:00,{'review_id': '14199608736'}
app_store,Pls limit them,There are a lot like a LOT of ads that pop up one time I got 5 or 4 ads on something please limit thm,4.0,Maddest of the mads,2026-06-18T19:01:59-07:00,14199580464,2026-06-20T10:16:14.720507+00:00,{'review_id': '14199580464'}
app_store,Music,One of the best places to listen to music,5.0,ArealLizard,2026-06-18T18:59:15-07:00,14199573307,2026-06-20T10:16:14.720513+00:00,{'review_id': '14199573307'}
app_store,It’s great,"I love Spotify, it’s usually my go to music app. I can’t afford Premium, so I’ve always stuck with the free version, and honestly I was fine with that. But lately it’s been driving me crazy. I’ll play one of my playlists, and after one or two songs it switches to recommended tracks. When I try to go back to my playlist, it won’t let me and just keeps reminding me to buy Premium if I want to listen to what I actually picked. Anyways I still do think highly of the app and would like to recommend to others but at the moment I hesitate to",4.0,Anonymous_4 now,2026-06-18T18:56:47-07:00,14199566821,2026-06-20T10:16:14.720520+00:00,{'review_id': '14199566821'}
app_store,Diversity,The shuffle play has been elite since day UNO. No shade at l🍎 music. Spotify is superior,5.0,Thatguyy4,2026-06-18T18:55:11-07:00,14199562524,2026-06-20T10:16:14.720531+00:00,{'review_id': '14199562524'}
app_store,My exp,"I love they there’s not really any ads,I wish you could export music to other apps like Pinterest and CapCut",5.0,Bugzzzandkandi,2026-06-18T18:51:55-07:00,14199553878,2026-06-20T10:16:14.720538+00:00,{'review_id': '14199553878'}
app_store,What happened to Crossfade,I will give it five stars because it’s honestly pretty good but I try to look for Crossfade and it wasn’t there. What’s going on Spotify why can’t i make my cool transitions anymore?,5.0,dtiqhf,2026-06-18T18:42:35-07:00,14199529482,2026-06-20T10:16:14.720544+00:00,{'review_id': '14199529482'}
app_store,★★★☆☆,沢山の曲を聴く事ができる事とmusic video が見れる,3.0,( ✌︎'ω')✌︎ʕ•ᴥ•ʔ,2026-06-18T18:40:42-07:00,14199524532,2026-06-20T10:16:14.720551+00:00,{'review_id': '14199524532'}
app_store,Music da bomb,My music be so good and loud just like I like it,5.0,Triniti Da Goat🐐,2026-06-18T18:37:14-07:00,14199515372,2026-06-20T10:16:14.720557+00:00,{'review_id': '14199515372'}
app_store,Feature request⚠️,"I want the ability to change the order of the cards below the music player that shows concerts, song DNA, about the song.",2.0,DatBabyAintMine,2026-06-18T18:35:47-07:00,14199511723,2026-06-20T10:16:14.720563+00:00,{'review_id': '14199511723'}
app_store,Let me open it when I want to,"Too many ads. Starts playing music when I haven’t opened it, very intrusive…",1.0,Claw75,2026-06-18T18:30:04-07:00,14199496852,2026-06-20T10:16:14.720571+00:00,{'review_id': '14199496852'}
app_store,good,so good,5.0,Kt why,2026-06-18T18:28:03-07:00,14199491559,2026-06-20T10:16:14.720578+00:00,{'review_id': '14199491559'}
app_store,Awesome sauce,"I pick my music , huge selection so manny options and choices. I create playlists I want. This is exactly what I want. Can’t go wrong with Spotify. Your music your selections",5.0,SanfordP,2026-06-18T18:26:46-07:00,14199488169,2026-06-20T10:16:14.720586+00:00,{'review_id': '14199488169'}
app_store,Goat of music apps,you always find the song your looking for and it’s way better than Apple Music,5.0,Alexis13_,2026-06-18T18:25:37-07:00,14199485115,2026-06-20T10:16:14.720591+00:00,{'review_id': '14199485115'}
app_store,I love it,Fun but I don't have premium😭,5.0,Jay: 3,2026-06-18T18:20:27-07:00,14199471387,2026-06-20T10:16:14.720595+00:00,{'review_id': '14199471387'}
app_store,Since they changed the iPad app layout it hardly works,Extreme lag each time I want to play a song. Many times songs won’t play at all and I have to delete and reupload the app to get a song to work. For a paid plan this app is extremely disappointing. I don’t understand why they made it worse instead of improving it.,1.0,NoamiH,2026-06-18T18:20:18-07:00,14199470977,2026-06-20T10:16:14.720599+00:00,{'review_id': '14199470977'}
app_store,Wife,Wife,3.0,Mikal Choud,2026-06-18T18:18:09-07:00,14199465387,2026-06-20T10:16:14.720603+00:00,{'review_id': '14199465387'}
app_store,Could’ve been a 5,Shuffle repeats the same songs,4.0,MY000009,2026-06-18T18:18:07-07:00,14199465276,2026-06-20T10:16:14.720606+00:00,{'review_id': '14199465276'}
app_store,Peak,Best music site peak,5.0,Hsfrthegoat,2026-06-18T18:16:33-07:00,14199461219,2026-06-20T10:16:14.720610+00:00,{'review_id': '14199461219'}
app_store,Music is a part of me.,Spotify knows which kind of music I like. I like how it create the list for me.,5.0,Elvis Katy,2026-06-18T18:15:21-07:00,14199458183,2026-06-20T10:16:14.720613+00:00,{'review_id': '14199458183'}
app_store,Spotify,Absolutely amazing love this app I use this all the time wether it’s long car rides short car rides plane rides or just vibing wherever,4.0,Weston wert,2026-06-18T18:15:20-07:00,14199458105,2026-06-20T10:16:14.720617+00:00,{'review_id': '14199458105'}
app_store,10+ year subscriber,Been using this for YEARS and never been let down!,5.0,slicktheripper,2026-06-18T18:14:26-07:00,14199455742,2026-06-20T10:16:14.720620+00:00,{'review_id': '14199455742'}
app_store,Love the Algorithm!,I absolutely love how Spotify can pick up on what’s songs you like or would like after you play your whole playlist. That’s how I discover new music and artist! Apple Music can’t even compare!,5.0,WhitneyOnTheLash,2026-06-18T18:08:36-07:00,14199440621,2026-06-20T10:16:14.720624+00:00,{'review_id': '14199440621'}
app_store,Adds,It’s awesome other than the adds.,4.0,SamJoTag9,2026-06-18T18:01:38-07:00,14199422449,2026-06-20T10:16:14.720629+00:00,{'review_id': '14199422449'}
app_store,Alr,You have to pay to change songs when you change your song 10 times,2.0,2star L,2026-06-18T17:58:48-07:00,14199414898,2026-06-20T10:16:14.720633+00:00,{'review_id': '14199414898'}
app_store,Show,Muito bom pro carro,5.0,Murillogyn,2026-06-18T17:57:29-07:00,14199411427,2026-06-20T10:16:14.720636+00:00,{'review_id': '14199411427'}
app_store,"New icon so ugly,","I am not going to update my iPhone  
The new icon is ugly and doesn’t match the look of any other app on any platform.  Yuck",3.0,ubkia,2026-06-18T17:57:00-07:00,14199410169,2026-06-20T10:16:14.720640+00:00,{'review_id': '14199410169'}
app_store,Tired,Very tired of the cost going up every year with no better features.,2.0,Clinesy,2026-06-18T17:56:31-07:00,14199408864,2026-06-20T10:16:14.720643+00:00,{'review_id': '14199408864'}
app_store,Superb,Enjoying,5.0,zaywillz720,2026-06-18T17:54:21-07:00,14199403203,2026-06-20T10:16:14.720646+00:00,{'review_id': '14199403203'}
app_store,Hate new logo,Why are you trying to kill me with the logo. Otherwise I absolutely love the app. One of my favorite inventions of all time,5.0,Jamer 1977,2026-06-18T17:52:34-07:00,14199398499,2026-06-20T10:16:14.720649+00:00,{'review_id': '14199398499'}
app_store,Playlist,The songs are overlapping when im on shuffle?,1.0,indykiwi,2026-06-18T17:51:33-07:00,14199395823,2026-06-20T10:16:14.720652+00:00,{'review_id': '14199395823'}
app_store,The most money hungry app on the appstore,"This is the most money hungry app i have ever downloaded, it treats you like a peasant if you don’t pay for a subscription, it wont even let you play the song you want. This is the worst app to listen to music on, there are so many other apps way better then this app and i have genuine hatred in my heart for this app and its developers, i hope you all see this review and know there is someone out there who hates you, this app doesn’t deserve anyones money or the popularity it has. I hate this app so much like how are you gonna advertise as a music app and then not let me listen to the song i want to listen to and play a completely different song?",1.0,JSNDJABXKSN,2026-06-18T17:46:30-07:00,14199382583,2026-06-20T10:16:14.720656+00:00,{'review_id': '14199382583'}
app_store,Crazy,It’s not even letting me choose my own song bru like get this outta here,1.0,Jay.?.?,2026-06-18T17:46:28-07:00,14199382526,2026-06-20T10:16:14.720660+00:00,{'review_id': '14199382526'}
app_store,So glitchy recently,I’ve been using Spotify for around ten years now but recently it’s been so glitchy and annoyingly slow :( also pleasseee make it an option to make all of your liked songs in a one playlist easier instead of adding  one song at a time 🙏🙏🙏,2.0,Billianak,2026-06-18T17:43:42-07:00,14199375271,2026-06-20T10:16:14.720663+00:00,{'review_id': '14199375271'}
app_store,OPM,"please add a quick filter on my ""liked songs"" playlist for ""OPM"" (Original Pilipino Music)

please add OPM filter please please please please",4.0,nimurumi,2026-06-18T17:40:08-07:00,14199365905,2026-06-20T10:16:14.720667+00:00,{'review_id': '14199365905'}
app_store,BEST THING EVER!!,"Ever since i got this app, i’ve been listening to music 24/7!",5.0,Lorelai McG,2026-06-18T17:32:46-07:00,14199346624,2026-06-20T10:16:14.720670+00:00,{'review_id': '14199346624'}
app_store,It’s a great app! but..,It should have the disco logo again,5.0,AIR._.BEAR,2026-06-18T17:18:58-07:00,14199310694,2026-06-20T10:16:14.720673+00:00,{'review_id': '14199310694'}
app_store,Blakeley Watson rate,Love it so much it is my favorite thing ever and you can listen to literally whatever you want,5.0,Blakeley the baddie,2026-06-18T17:17:38-07:00,14199307272,2026-06-20T10:16:14.720677+00:00,{'review_id': '14199307272'}
app_store,Logo,Why did yall change the logo change it back to the ice one,4.0,iiisageiii,2026-06-18T17:06:03-07:00,14199277099,2026-06-20T10:16:14.720680+00:00,{'review_id': '14199277099'}
app_store,Closing out and still plays,"Whenever I close out of the app to stop playing music, it still continues to play for like 30 seconds, and when I proceed to open it back up to press the play button, it doesn’t play for the first seconds of the song.",3.0,V3nding,2026-06-18T17:03:29-07:00,14199270279,2026-06-20T10:16:14.720685+00:00,{'review_id': '14199270279'}
app_store,Awesome,Love how easy to use .,5.0,hondagal2,2026-06-18T17:03:29-07:00,14199270304,2026-06-20T10:16:14.720688+00:00,{'review_id': '14199270304'}
app_store,ai songs,spotify sucks,1.0,Jo7000000,2026-06-18T16:56:33-07:00,14199252809,2026-06-20T10:16:14.720691+00:00,{'review_id': '14199252809'}
app_store,Prolly my favorite app of all time,No context needed,5.0,Jonny.Sheff,2026-06-18T16:52:42-07:00,14199243182,2026-06-20T10:16:14.720695+00:00,{'review_id': '14199243182'}
app_store,If you don’t have premium then the app sucks,I feel like if you don’t have premium it’s hard to use the app otherwise it’s an okay app,4.0,alivia Nelson,2026-06-18T16:45:32-07:00,14199225094,2026-06-20T10:16:14.720698+00:00,{'review_id': '14199225094'}
app_store,Love This App,Spotify,5.0,Wifey’s Music  ￼,2026-06-18T16:44:11-07:00,14199221708,2026-06-20T10:16:16.598669+00:00,{'review_id': '14199221708'}
app_store,I like,I like it,5.0,👍like78,2026-06-18T16:42:52-07:00,14199218440,2026-06-20T10:16:16.598685+00:00,{'review_id': '14199218440'}
app_store,Pop ups and finicky,"Why are there popups almost every time I open the app. And the playback is getting finicky, half the time when I resume a playlist it’ll play one or two songs then stop.",3.0,toni peppers,2026-06-18T16:38:07-07:00,14199206631,2026-06-20T10:16:16.598691+00:00,{'review_id': '14199206631'}
app_store,It is okay,"I don’t want to pay for it so I don’t have the premium. The adds you get like 3,000 and they are always really annoying. A second thing is how you have a limited number of skips can fast forward or go back and have a limited number of songs you can chose per day, which is fine. I am not paying for it after all. But when you use up all the choices for the day. If you want to play a play list you can’t. It says similar songs but really they are probably just songs the artist pay for them to be played it play harry styles and I listen to K-pop and do enjoy his music as much as others .It is much better than Amazon Music (that’s why I gave it 3 and not 1)but still is hard to play the song you want. I think there are better ways to fix the last part. At least let me pick a playlist.",1.0,Spotify—-not so premium,2026-06-18T16:37:51-07:00,14199206007,2026-06-20T10:16:16.598696+00:00,{'review_id': '14199206007'}
app_store,Excelente,Facil de usar,5.0,Lelsalet,2026-06-18T16:37:24-07:00,14199204852,2026-06-20T10:16:16.598701+00:00,{'review_id': '14199204852'}
app_store,Love but hate,I love the music but hate the premium thing,5.0,Carol Fallas,2026-06-18T16:36:22-07:00,14199202276,2026-06-20T10:16:16.598705+00:00,{'review_id': '14199202276'}
app_store,King,Kendrick,5.0,Djfire28,2026-06-18T16:35:16-07:00,14199199525,2026-06-20T10:16:16.598710+00:00,{'review_id': '14199199525'}
app_store,>:3,Thi bih gah,5.0,bun bunnies,2026-06-18T16:30:49-07:00,14199188269,2026-06-20T10:16:16.598715+00:00,{'review_id': '14199188269'}
app_store,i <3 Spotify,hi ok so um Spotify is so so good even with adds i luv it and its even better with premium!! i would pick Spotify over anything over and over again,5.0,Zoë Alvarado,2026-06-18T16:28:45-07:00,14199183009,2026-06-20T10:16:16.598719+00:00,{'review_id': '14199183009'}
app_store,I LOVE IT SO MUCH!!!,"I love this app, it helps me with anything, calming down, hyping me up, and even just background music. I love it so much, and people can express themselves in so many ways with the music they listen to! I have never had any issues with this app either, and I love how you can download songs that way you can still listen to music when you are offline.",5.0,LIBBYGRACE!!,2026-06-18T16:25:07-07:00,14199173929,2026-06-20T10:16:16.598724+00:00,{'review_id': '14199173929'}
app_store,Wanaride,My go to for almost everything I want to listen to.,5.0,Wooddick,2026-06-18T16:23:32-07:00,14199169983,2026-06-20T10:16:16.598729+00:00,{'review_id': '14199169983'}
app_store,Good music,King von!!!!!!!!!!!!!!!!!!!!!!!!!!!!,5.0,Use in add pls,2026-06-18T16:23:32-07:00,14199169979,2026-06-20T10:16:16.598733+00:00,{'review_id': '14199169979'}
app_store,yesss,i lit love yall brochacho bro like it’s so lit up in here like yk what im saying man cuz ayyyy,5.0,i want food like yah,2026-06-18T16:23:17-07:00,14199169371,2026-06-20T10:16:16.598738+00:00,{'review_id': '14199169371'}
app_store,Livin’ the Life,Working through all the music styles here.,4.0,Canineninetynine,2026-06-18T16:22:13-07:00,14199166721,2026-06-20T10:16:16.598741+00:00,{'review_id': '14199166721'}
app_store,Best app,The best app for audiobooks!!! I love!!!,5.0,1niyah,2026-06-18T16:19:15-07:00,14199159324,2026-06-20T10:16:16.598746+00:00,{'review_id': '14199159324'}
app_store,very good app,"I really like using app to listen to music while drawing or whatever, also, im pretty sure the discoball logo was supposed to be temporary but i actually really miss it already lol XD, the ads are annoying but it’s really not that bad most of the time",5.0,LeoValdez_Fangirl🧡,2026-06-18T16:15:15-07:00,14199149227,2026-06-20T10:16:16.598750+00:00,{'review_id': '14199149227'}
app_store,Not all songs,"I can’t find some of the songs I like, that’s why I only gave 3 stars",3.0,Stephcc1964,2026-06-18T16:12:51-07:00,14199143310,2026-06-20T10:16:16.598754+00:00,{'review_id': '14199143310'}
app_store,Best music app EVER!,You can listen to all kinds of music pop country rap and MORE!,5.0,x try s,2026-06-18T16:07:16-07:00,14199129147,2026-06-20T10:16:16.598758+00:00,{'review_id': '14199129147'}
app_store,The Amazing Spotify,"The best tailored and curated sound experience by any music program thus far - 2026 
~ the comfort zone",5.0,SkarJones,2026-06-18T16:07:13-07:00,14199129027,2026-06-20T10:16:16.598762+00:00,{'review_id': '14199129027'}
app_store,Spotify,Love Spotify thought I wouldn’t need  it but it’s so fire can make multiple playlist and songs are never glitchy super high-quality app love this if anybody is reading this review get Spotify it also has awesome audiobooks and it recommends the best songs(I love listening to Ariana Grande with this)🤍 yeah that’s pretty much it just get the app,5.0,Lenka20,2026-06-18T16:06:52-07:00,14199128112,2026-06-20T10:16:16.598766+00:00,{'review_id': '14199128112'}
app_store,Slow search and slow song loading,"When you search a song title it takes absolutely forever just to show up in the results, and then when you click on the song it's takes just as long for it to start playing. Ruins my experience",2.0,Filipodian,2026-06-18T16:03:13-07:00,14199118957,2026-06-20T10:16:16.598770+00:00,{'review_id': '14199118957'}
app_store,Good,It has all the music and if you want you can download your playlist so you can listen to it with no connection,5.0,nickles104!!,2026-06-18T15:58:05-07:00,14199106011,2026-06-20T10:16:16.598775+00:00,{'review_id': '14199106011'}
app_store,Good,Good vibs,5.0,Jester bloodfolen,2026-06-18T15:57:11-07:00,14199103698,2026-06-20T10:16:16.598779+00:00,{'review_id': '14199103698'}
app_store,Peak,Honestly too many ads but peak,5.0,𝖆𝖘𝖍𝖑𝖊𝖞,2026-06-18T15:56:46-07:00,14199102618,2026-06-20T10:16:16.598783+00:00,{'review_id': '14199102618'}
app_store,I LOVE SPOTIFYYYY,I SPEND 90% OF MY DAY ON SPOTIFY BECAUSE I LOVE LISTENING TO MUSIC AND I LOVE HOW SPOTIFY IS THE PERFECT APP FOR THAT ✨✨✨,5.0,R1R1u,2026-06-18T15:55:05-07:00,14199098257,2026-06-20T10:16:16.598787+00:00,{'review_id': '14199098257'}
app_store,Greatness,Spotify is great !,5.0,WMR1950,2026-06-18T15:51:19-07:00,14199088566,2026-06-20T10:16:16.598790+00:00,{'review_id': '14199088566'}
app_store,E,E,5.0,hhdhdkendjdhdbhdhebdudkssj,2026-06-18T15:50:55-07:00,14199087515,2026-06-20T10:16:16.598794+00:00,{'review_id': '14199087515'}
app_store,Repeat,"It always repeats the same songs, I skip & skip and it’s always the same. I search for new music but it always comes back to the same playlist.",2.0,waititng..,2026-06-18T15:49:27-07:00,14199083825,2026-06-20T10:16:16.598799+00:00,{'review_id': '14199083825'}
app_store,ads are annoying,stop adding recommended to my playlist let me listen to my music other then that has a lot of good music,3.0,Shane):))/6:):):,2026-06-18T15:49:00-07:00,14199082730,2026-06-20T10:16:16.598802+00:00,{'review_id': '14199082730'}
app_store,hate,i hate this app,1.0,hater2.067,2026-06-18T15:47:06-07:00,14199077941,2026-06-20T10:16:16.598805+00:00,{'review_id': '14199077941'}
app_store,Spotify great,SO GOOD 5 StARS it has every song,5.0,So nice and goid,2026-06-18T15:46:47-07:00,14199077123,2026-06-20T10:16:16.598810+00:00,{'review_id': '14199077123'}
app_store,Love Spotify🫂,it’s really great to have Spotify I love the music it makes my ears happy it I was able to choose a music app it would definitely be Spotify 🫰🏼🥹,5.0,𝒵𝒶𝓇,2026-06-18T15:45:13-07:00,14199073209,2026-06-20T10:16:16.598815+00:00,{'review_id': '14199073209'}
app_store,Review,Good but boring,4.0,Nickname cfa,2026-06-18T15:42:15-07:00,14199065760,2026-06-20T10:16:16.598818+00:00,{'review_id': '14199065760'}
app_store,:),Maybe stop spamming how much I love the app while I am trying to listen to music. I am paying for premium already and you can’t survive one day without robbing peoples time,1.0,SamWilson888,2026-06-18T15:40:59-07:00,14199062598,2026-06-20T10:16:16.598822+00:00,{'review_id': '14199062598'}
app_store,Fix it now,Pls get rid of the new shuffle it is playing songs that aren't in my playlist and I can't fix it unless I get premium. It's rlly stupid,2.0,Slaybaddieunicorn💅💅👹,2026-06-18T15:37:11-07:00,14199053037,2026-06-20T10:16:16.598825+00:00,{'review_id': '14199053037'}
app_store,Awesome!,This app is so cool I love how I can even get Forrest frank on here!,5.0,Kind of free,2026-06-18T15:37:06-07:00,14199052842,2026-06-20T10:16:16.598829+00:00,{'review_id': '14199052842'}
app_store,What qqqqq is this from,The,4.0,H•A= bffl,2026-06-18T15:36:53-07:00,14199052269,2026-06-20T10:16:16.598832+00:00,{'review_id': '14199052269'}
app_store,Music Enjoyer,I loveeee musicccc,5.0,Slaterlolz,2026-06-18T15:32:31-07:00,14199041376,2026-06-20T10:16:16.598836+00:00,{'review_id': '14199041376'}
app_store,It’s all here,"I can’t find any artist and song I want.
I just re-found Funk music. I have a 74 song playlist of the funkiest funkadelic jams.",5.0,ladude1,2026-06-18T15:32:09-07:00,14199040447,2026-06-20T10:16:16.598841+00:00,{'review_id': '14199040447'}
app_store,JayDon- Lullaby,I have nothing to say it’s just the best 🫶🫶🫶🫶,5.0,Nicoleepooh,2026-06-18T15:31:28-07:00,14199038677,2026-06-20T10:16:16.598848+00:00,{'review_id': '14199038677'}
app_store,To Spotify,Omg I love this app my fav playlist is the tx2 all songs that’s one of the only ones I listen to and this app is amazing stray kids and KATSEYE is also really good!without Spotify my life would be so bad!Keep doing good guys!,5.0,princesssbabykitten,2026-06-18T15:28:50-07:00,14199032057,2026-06-20T10:16:16.598856+00:00,{'review_id': '14199032057'}
app_store,Music,The Spotify is a great music app you have a winner,5.0,Prince Basilio,2026-06-18T15:26:58-07:00,14199027338,2026-06-20T10:16:16.598859+00:00,{'review_id': '14199027338'}
app_store,worst music app ever,literally use something else,1.0,Panda yo ;p,2026-06-18T15:23:25-07:00,14199018184,2026-06-20T10:16:16.598863+00:00,{'review_id': '14199018184'}
app_store,I can’t play any of my songs,Spotify WTH I can’t play any of my songs. I have internet but non of my songs is playing . WTH Spotify?,1.0,Appleuser04,2026-06-18T15:22:05-07:00,14199014810,2026-06-20T10:16:16.598866+00:00,{'review_id': '14199014810'}
app_store,Spotify,Easy to use and has every song that I need and want,5.0,Krispin ￼,2026-06-18T15:15:32-07:00,14198998230,2026-06-20T10:16:16.598869+00:00,{'review_id': '14198998230'}
app_store,I luv Spotify,I love Spotify,5.0,Henry Ames,2026-06-18T15:14:25-07:00,14198995320,2026-06-20T10:16:16.598873+00:00,{'review_id': '14198995320'}
app_store,music sekection,"The list that Spotify suggests are OK but when I look specifically for the music, I want to listen to it's not there",1.0,anykine8306,2026-06-18T15:13:33-07:00,14198993044,2026-06-20T10:16:16.598876+00:00,{'review_id': '14198993044'}
app_store,about to uninstall and find new app,over the last month or so your app screws up playing over bluetooth. if i wanted audio this choppy i would go back to using cds,1.0,LizGFH,2026-06-18T15:12:22-07:00,14198990022,2026-06-20T10:16:16.598880+00:00,{'review_id': '14198990022'}
app_store,WHY CANT I CONTROL SPOTIFY WITH MY AIRPODS,Spotify constantly fails to respond to AirPod controls all of a sudden. This app has always been riddled with bugs and pretty terrible functionality but this defeats some purposes of even using earbuds. It also constantly disconnects from my AirPods. Annoying,1.0,Des Mcchillan,2026-06-18T15:08:35-07:00,14198980074,2026-06-20T10:16:16.598883+00:00,{'review_id': '14198980074'}
app_store,It so good,H,5.0,Kitty girlslayy,2026-06-18T15:02:12-07:00,14198963260,2026-06-20T10:16:16.598887+00:00,{'review_id': '14198963260'}
app_store,Friend,Love it’ but the adssssssss suck,5.0,@thehappyclam,2026-06-18T14:57:37-07:00,14198951457,2026-06-20T10:16:18.284726+00:00,{'review_id': '14198951457'}
app_store,BEST EVER,I love Spotify!! I can share and make playlist with my friends/family. And I can make my playlist public to everyone. SPOTIFY LEFT ME SPEACHLESS!!!!,5.0,RoSeYtHeGoAt,2026-06-18T14:57:20-07:00,14198950687,2026-06-20T10:16:18.284751+00:00,{'review_id': '14198950687'}
app_store,Spotify Concerns,"It’s amazing, but it doesn’t have a lot of clean versions of music. It’s also really quiet. I hate all the ads. Other than that, great.",4.0,LEGodLovesMe,2026-06-18T14:56:46-07:00,14198949137,2026-06-20T10:16:18.284762+00:00,{'review_id': '14198949137'}
app_store,Las mejores listas,"No es la mejor app de música porque hay canciones que no están, pero sin dudas es la que mejores playlist tiene",5.0,SaboStyle,2026-06-18T14:52:34-07:00,14198938201,2026-06-20T10:16:18.284771+00:00,{'review_id': '14198938201'}
app_store,ads,you know when the 4th ad you’re on says “you will have 30 minutes of uninterrupted listening”? yeah well it gives you 3 songs the equivalent to 12-14 minutes. i’m so done with having 4+ ads in a row i can’t,2.0,Lwhqj,2026-06-18T14:50:17-07:00,14198932351,2026-06-20T10:16:18.284779+00:00,{'review_id': '14198932351'}
app_store,Too much adds,It’s great just has to much adds,4.0,Dragon_catcher9772,2026-06-18T14:47:22-07:00,14198924658,2026-06-20T10:16:18.284787+00:00,{'review_id': '14198924658'}
app_store,Peak,So much more better than YouTube music,5.0,Goonman1,2026-06-18T14:44:04-07:00,14198916183,2026-06-20T10:16:18.284796+00:00,{'review_id': '14198916183'}
app_store,Podcast changes on music when snoozing or cancelling an iPhone alarm,"Podcast changes on music when snoozing or cancelling an iPhone alarm. Most frustrating thing, please fix",1.0,SLOstack,2026-06-18T14:38:56-07:00,14198902683,2026-06-20T10:16:18.284804+00:00,{'review_id': '14198902683'}
app_store,ada,there is too much ads and i can’t enjoy the music,1.0,DK_you2,2026-06-18T14:38:37-07:00,14198901871,2026-06-20T10:16:18.284812+00:00,{'review_id': '14198901871'}
app_store,😍😍😍🤙🤙,Good,4.0,Jyeisone,2026-06-18T14:34:58-07:00,14198892094,2026-06-20T10:16:18.284820+00:00,{'review_id': '14198892094'}
app_store,😭😭,it pmo but also music is good quality,4.0,urbro’smother,2026-06-18T14:32:55-07:00,14198886710,2026-06-20T10:16:18.284829+00:00,{'review_id': '14198886710'}
app_store,Que suene la vibra,🫶🏽❤️🫶🏽🤗🥰💃🏼🕺🏻💃🏼🕺🏻,5.0,Mi rey chucha,2026-06-18T14:32:52-07:00,14198886573,2026-06-20T10:16:18.284837+00:00,{'review_id': '14198886573'}
app_store,Spotify,Is my favorite,5.0,MISS LADII48,2026-06-18T14:30:28-07:00,14198880138,2026-06-20T10:16:18.284845+00:00,{'review_id': '14198880138'}
app_store,The best music streaming app,It’s the best,5.0,MindfulMama75,2026-06-18T14:29:29-07:00,14198877575,2026-06-20T10:16:18.284853+00:00,{'review_id': '14198877575'}
app_store,Absolutely the best,The best music and podcasts to ever go on 💯,5.0,The shrek queen,2026-06-18T14:29:29-07:00,14198877588,2026-06-20T10:16:18.284862+00:00,{'review_id': '14198877588'}
app_store,Yea good app,Good job,5.0,Bigg daddy hey,2026-06-18T14:26:44-07:00,14198870306,2026-06-20T10:16:18.284870+00:00,{'review_id': '14198870306'}
app_store,ADDS,too many adds,4.0,Jadelibella,2026-06-18T14:20:57-07:00,14198855007,2026-06-20T10:16:18.284879+00:00,{'review_id': '14198855007'}
app_store,Good app,Too many adds my only complaint,3.0,Ronn311m,2026-06-18T14:18:38-07:00,14198848757,2026-06-20T10:16:18.284888+00:00,{'review_id': '14198848757'}
app_store,Awesome,"Thank you for giving us great music free.  
Simple straightforward even this 75-year-old do it.",5.0,lindakay912,2026-06-18T14:17:11-07:00,14198844702,2026-06-20T10:16:18.284897+00:00,{'review_id': '14198844702'}
app_store,👍,It’s a nice app but only truly enjoyable either way a paid subscription ui and sound quality are good though,4.0,Baked beans in mouse,2026-06-18T14:16:21-07:00,14198842509,2026-06-20T10:16:18.284907+00:00,{'review_id': '14198842509'}
app_store,:\ hald good half bald,"Amazing, although i would remove a bit of the adds, and even though it might be a bit add crazy. They have a ton of songs that are soo good.",4.0,yummy timmy,2026-06-18T14:14:57-07:00,14198838693,2026-06-20T10:16:18.284915+00:00,{'review_id': '14198838693'}
app_store,Opinion,If no adds you guys would be 6 stars,3.0,Anonymous Demarcus,2026-06-18T14:07:54-07:00,14198819711,2026-06-20T10:16:18.284924+00:00,{'review_id': '14198819711'}
app_store,Good app,I love this app that’s all,5.0,Deezquix,2026-06-18T14:07:47-07:00,14198819407,2026-06-20T10:16:18.284933+00:00,{'review_id': '14198819407'}
app_store,Excelente,Muy buena,5.0,El Candiman,2026-06-18T14:04:50-07:00,14198811315,2026-06-20T10:16:18.284947+00:00,{'review_id': '14198811315'}
app_store,Buena,Excelente,5.0,Mejor app para música,2026-06-18T14:01:01-07:00,14198800803,2026-06-20T10:16:18.284958+00:00,{'review_id': '14198800803'}
app_store,Smart recorder,It won’t work,4.0,Anonymous cherry blossom,2026-06-18T13:57:11-07:00,14198790327,2026-06-20T10:16:18.284967+00:00,{'review_id': '14198790327'}
app_store,Alright,Lots of ads,3.0,-Asidbdh,2026-06-18T13:47:25-07:00,14198763669,2026-06-20T10:16:18.284975+00:00,{'review_id': '14198763669'}
app_store,Jaydel,Best app ever  but i can’t afford  premium,5.0,Jaydel 45689,2026-06-18T13:43:59-07:00,14198754057,2026-06-20T10:16:18.284983+00:00,{'review_id': '14198754057'}
app_store,Downloaded music isn’t downloaded,"What is the point of paying for premium when my downloaded music isn’t accessible? It happens every time I try to be offline. Sometimes I can get the app to recognize that my files are indeed there. Other times, everything in my library is inaccessible. I’m tired of coaxing the app into doing what it’s supposed to do.",2.0,alaomai,2026-06-18T13:43:46-07:00,14198753514,2026-06-20T10:16:18.284994+00:00,{'review_id': '14198753514'}
app_store,The best,This is the best music app so far that I’ve used the only bad part is all the ads other than that I love Spotify,5.0,Siibitiy,2026-06-18T13:42:14-07:00,14198749252,2026-06-20T10:16:18.285003+00:00,{'review_id': '14198749252'}
app_store,what l think about this app,lwk the best app like why didn’t i download this app sooner,5.0,Nov Stitch,2026-06-18T13:41:30-07:00,14198747168,2026-06-20T10:16:18.285011+00:00,{'review_id': '14198747168'}
app_store,It’s good but you have to pay for it to work like a normal music app,Yeah,3.0,Eggywitheggs,2026-06-18T13:37:36-07:00,14198736482,2026-06-20T10:16:18.285021+00:00,{'review_id': '14198736482'}
app_store,My Review,"Am going cut right to the chase the reason I put 3 starts is but first to start with the good, 

The Good

number 1 the app is just a must need everybody has Spotify it the music app. 2 It has lot of good songs and just everything a music app need a more. 3 Final one is that it wouldn’t the ads would be ideal music app. 

Criticism

And that leads us in to my first out of 2 criticism I have it give u way to much ad it feels like every other songs it one. Number 2 it ridiculous u have to buy premium just to buy the songs u want to after the your free songs are over then u have to pay it just crazy like holy money hungry. 

Final Thought 

I really like this app but the premium and ad ruins it yk u have to keep the lights on somehow but the way they did is unacceptable i still use this app but not as much i use other and other people will come to my conclusion and do the same. In the end all i have to say is do better.",3.0,Spotify is ssa,2026-06-18T13:36:13-07:00,14198732634,2026-06-20T10:16:18.285030+00:00,{'review_id': '14198732634'}
app_store,Ad galor,I’d rather Monkey De Luffy my Music,1.0,IXRuntXI,2026-06-18T13:35:52-07:00,14198731674,2026-06-20T10:16:18.285040+00:00,{'review_id': '14198731674'}
app_store,🫰🏻,I don’t feel like paying for premium 🤦🏽‍♀️🥹🫰🏻🫰🏻,4.0,Kali01987,2026-06-18T13:34:23-07:00,14198727496,2026-06-20T10:16:18.285048+00:00,{'review_id': '14198727496'}
app_store,songs in podcasts,They are amazing podcast. I listen to them all the time and the songs are amazing too. Spotify recommends the best songs.,2.0,Lalalalalalalalala1376,2026-06-18T13:34:19-07:00,14198727316,2026-06-20T10:16:18.285056+00:00,{'review_id': '14198727316'}
app_store,Phenomenal,It’s awesome. I also got tired of being asked to rate it so I’m hoping this stops it.,5.0,zachmonsen,2026-06-18T13:32:50-07:00,14198723248,2026-06-20T10:16:18.285064+00:00,{'review_id': '14198723248'}
app_store,Idk,I really like Spotify but when we I wanan playback a music it won’t let me ando wont let me choice how I wanan listen to my songs in order,4.0,Arianna89.,2026-06-18T13:26:38-07:00,14198705972,2026-06-20T10:16:18.285073+00:00,{'review_id': '14198705972'}
app_store,Spotify,this is freaking boom like this is the best,5.0,The freaking goat ￼,2026-06-18T13:24:19-07:00,14198699566,2026-06-20T10:16:18.285082+00:00,{'review_id': '14198699566'}
app_store,Why,Stop giving me vape ads,3.0,Nickname ;/(/(/)/,2026-06-18T13:23:32-07:00,14198697391,2026-06-20T10:16:18.285090+00:00,{'review_id': '14198697391'}
app_store,Good music app,It’s a good app for music and lots of songs to choose from. Definitely the best❤️🎶🎧,5.0,🌺ز🌺,2026-06-18T13:21:28-07:00,14198691674,2026-06-20T10:16:18.285099+00:00,{'review_id': '14198691674'}
app_store,app suggestion,"By far my favorite app ever, i love music. But my suggestion is, maybe add a light mode? Even better, make it to where we can make it our own theme with our own custom colors.",5.0,savannah 🥹✌️,2026-06-18T13:15:14-07:00,14198674208,2026-06-20T10:16:18.285109+00:00,{'review_id': '14198674208'}
app_store,slow,slowest app on my phone,2.0,alexwithwaffles,2026-06-18T13:15:06-07:00,14198673854,2026-06-20T10:16:18.285122+00:00,{'review_id': '14198673854'}
app_store,The Very Best,I love your streaming service!,5.0,AnthonyF90,2026-06-18T13:13:05-07:00,14198668081,2026-06-20T10:16:18.285130+00:00,{'review_id': '14198668081'}
app_store,spotify review,spotify is awwsome i use it everyday it js sucks that u have to pay to listen to what u want like u cant make it play in order n im to broke to pay for allat other then that its all cool n stf,5.0,sevati tripple t,2026-06-18T13:10:26-07:00,14198660673,2026-06-20T10:16:18.285138+00:00,{'review_id': '14198660673'}
app_store,Classic,Best music,5.0,Krish goat,2026-06-18T13:08:50-07:00,14198656060,2026-06-20T10:16:18.285147+00:00,{'review_id': '14198656060'}
app_store,Spotify is great,Spotify is a great app its premium features are great the dj x is amazing and its can be free or paid if you have 6 ppl its super convenient to split the payment so yeah 5 stars,5.0,USA_Ituner,2026-06-18T13:07:22-07:00,14198651759,2026-06-20T10:16:18.285156+00:00,{'review_id': '14198651759'}
app_store,DEFUND ICE,Stop funding ICE & separating families,1.0,luvrnr,2026-06-18T13:03:50-07:00,14198641515,2026-06-20T10:16:18.285165+00:00,{'review_id': '14198641515'}
app_store,Poor sound quality,Paying for premium service and I can’t listen to 30 seconds of music without getting multiple dropouts. This is with four bars of cell and four bars of WiFi.,1.0,Privacy nerd,2026-06-18T13:03:49-07:00,14198641443,2026-06-20T10:16:18.285174+00:00,{'review_id': '14198641443'}
app_store,My grievances,"Songs practically blocked behind adds, I listen to more commercials than actual music, and the app barely even works on consoles like PlayStation, I can’t go a day where Spotify doesn’t work properly",1.0,ItsRay040,2026-06-18T13:03:11-07:00,14198639566,2026-06-20T10:16:18.285184+00:00,{'review_id': '14198639566'}
app_store,spotify,the most amazing app of all time. One of the only apps i use every day this app is just the definition of perfection. It has everything and this app is my favorite of all time,5.0,AP :)1833,2026-06-18T13:02:33-07:00,14198637608,2026-06-20T10:16:20.065858+00:00,{'review_id': '14198637608'}
community_forum,February 2026 Spotify for Developers update: thread,"Hey everyone, I’ve created this thread to provide an open space for discussion, feedback, concerns or ideas on an upcoming update to Spotify for Developers access. We’ve shared a blog post that explains what’s changing and why. Please use this thread to share any thoughts about the update. We'll try our best to answer questions but we're not in a position to respond to every reply in this thread. Where appropriate we will add updates in this post to ensure visibility to all commentators (instead of burying the information in the comments). I am not able to reply to individual DM’s but please note that everything shared here will be read and considered. If related questions or discussions pop up elsewhere in the community, we’ll link or merge them back here so everything stays in one place. Thanks for taking the time to share your thoughts. Update: After some review and following feedback we have received from you below, we have decided to postpone endpoint access changes for existing Development Mode integrations. All other changes, including the Spotify Premium requirement, the authorized user cap and one Client ID per developer limit, will take effect for existing Development Mode integrations as planned. Newly created Development Mode Client IDs remain subject to the updated rules introduced on February 11. We will share additional details on revised timelines as they become available. You can find the full details in the blog post , and we’ll add links to any supporting documentation there as it becomes available.
After some review and following feedback we have received from you below, we have decided to postpone endpoint access changes for existing Development Mode integrations. All other changes, including the Spotify Premium requirement, the authorized user cap and one Client ID per developer limit, will take effect for existing Development Mode integrations as planned. Newly created Development Mode Client IDs remain subject to the updated rules introduced on February 11. We will share additional details on revised timelines as they become available.
It's ultimately Spotify's discretion as to which APIs remain available and the access/quotas applied thereto, but this is a really disappointing update. It seems to be the final nail in a coffin already saturated with nails. The quota updates last year (limiting developers to an allowlist of 25 users that can use the app unless they are a company with 250k users and other extremely high-bar requirements) has already materially killed off the ability for people to build applications using Spotify's platform. This more recent update (limiting access even further from 25 → 5 users) and removing some key endpoints like listing a user's playlists ) is poor for developers and the users of their apps, but it is merely one more step down the road of killing the developer platform. As I said, if Spotify wants to go in this direction then that's a business choice, but it would be great if this could be discussed candidly rather than speciously, as though the developer platform at Spotify still exists and serves developers, that innovation with Spotify's APIs is encouraged and supported. Presumably this is in response to abuse of APIs and data mining Spotify's catalogue by some bad actors (though this is just a guess); it's disappointing that an esteemed engineering company such as Spotify's attempt to solve that problem is to pull developer access from their platform rather than actually fixing the root problem. No shade to you, @ThePodFather, as the messenger, but as a developer that just built a web app that helps me  (and ideally my friends) organise my Spotify library in a fun way, it's just galling and disappointing to see things getting even worse. edit: in my original post I mentioned that the API endpoint for fetching a user's playlists was being removed; this isn't the case – you can still fetch playlists of the current user (aka `me`) but not of other users, which is still an annoying limitation, but not as bad as I thought.",,,,https://community.spotify.com/t5/Spotify-for-Developers/February-2026-Spotify-for-Developers-update-thread/td-p/7330564,2026-06-20T10:17:36.258836+00:00,{'source': 'community.spotify.com'}
community_forum,"403 on /v1/playlists/{id}/items for 198 of 471 own/followed playlists, plus   POST /tracks returns","Plan Premium Country USA Device API Operating System MacOS My Question or Issue Building a single-user personal data tool against the Web API. Authorization Code Flow, app in Development Mode, my own account is on the app's User Management allowlist. Reads mostly work; hitting three distinct failures I can't explain from the docs. App / account - Spotify user: 1225751719 - Auth: OAuth Authorization Code Flow - Scopes granted (confirmed in the /api/token response): user-top-read user-follow-read user-read-recently-played user-library-read user-read-playback-state user-read-currently-playing user-read-playback-position playlist-read-private playlist-read-collaborative playlist-modify-private playlist-modify-public Issue 1 — GET /v1/playlists/{id}/items returns 403 on 198 of my 471 playlists Same access token, same code path. 273 succeed (200 with full contents). 198 fail (403 {""error"":{""status"":403,""message"":""Forbidden""}}). Breakdown of the 198: - 150 are owned by me directly - 48 are owned by other users (friends, distributors, etc.) - GET /v1/playlists/{id} (metadata) returns 200 for the same playlists. Only the /items subpath is blocked. No clean rule predicts which playlists fail. The failing set spans the entire timeline — by year-in-title alone it includes 2011, 2017, 2018, 2019, 2020, 2021, 2025, 2026. ~120 of the failures are undated personal playlists (""Isbell Primer"", ""To Share"", monthly archives, etc.). Sample failing playlist I own: GET /v1/playlists/2DZTTP1Zfom5omcUsjgv7B/items?limit=1 Authorization: Bearer <access_token> → 403 {""error"":{""status"":403,""message"":""Forbidden""}} Sample succeeding playlist I own: GET /v1/playlists/5pNKJFPKCiYr9AwhSJq1ai/items?limit=1 Authorization: Bearer <access_token> → 200 OK Both owned by me, both private, both authorized by the same token in the same session. What differentiates them? Issue 2 — POST /v1/users/{me}/playlists returns 403 with no detail POST /v1/users/1225751719/playlists Authorization: Bearer <access_token> Content-Type: application/json {""name"": ""test"", ""public"": false, ""collaborative"": false} → 403 {""error"":{""status"":403,""message"":""Forbidden""}} No Retry-After, no error detail. Scopes include both playlist-modify-private and playlist-modify-public. Issue 3 — POST /v1/playlists/{id}/tracks returns 429 with Retry-After: 68591 (~19 hours) Manually created an empty playlist in the Spotify app, then attempted to add a single track via API: POST /v1/playlists/1mScFPQlLKCCzKpOqjGEjn/tracks Authorization: Bearer <access_token> Content-Type: application/json {""uris"": [""spotify:track:46TalNUrIxhDeHHJDDMzzn""]} → 429 Too many requests Retry-After: 68591 Body: ""Too many requests"" 68591 seconds = ~19 hours. No successful write activity from this app prior. This reads as a near-zero daily write quota in Development Mode, not ordinary rate limiting. Issue 2's 403 (no Retry-After) and Issue 3's 429 (with Retry-After) appear to be the same underlying quota expressed differently by different endpoints. --- Questions 1. Are read 403s on /items for user-owned playlists a known restriction for apps registered after November 2024? Is there a property of the playlist (snapshot age, track licensing state, something else) that determines access? 2. Is the write quota for Development Mode apps effectively zero in the current configuration? If so, where is that documented? 3. Is Extended Quota Mode the only path to functional playlist write operations for personal-use apps, even at the scale of one user creating one playlist? Happy to share the app's client ID privately or attach a HAR if useful.
Hey @Verysecur3 Thanks for posting in the Spotify Community! I notice you try to mix of getting tracks with items and posting tracks with tracks . To clarify, you should use items for every type of item, with POST and GET request. This change was announced in this Migration Guide . This works only for playlists you made (except generated ones) and playlists you are a collaborator on. This change was announced in this blog post . For information about rate limits, I will refer you to this page . I hope this helps. If you need anything else, feel free to ask! Ximzend Spotify Star Help others find this answer and click ""Accept as Solution"". If you appreciate my answer, maybe give me a Like. Note: I'm not a Spotify employee.",,,,https://community.spotify.com/t5/Spotify-for-Developers/403-on-v1-playlists-id-items-for-198-of-471-own-followed/td-p/7476712,2026-06-20T10:17:39.129580+00:00,{'source': 'community.spotify.com'}
community_forum,[Spotify.py] Certain artists' releases brick functions inexplicably,"Hey! I've been working with the spotify.py package for the last month or two, and recently I've come across a few releases from certain artists which break the python(in the literal break/return sense where it stops whatever its doing, not in the ""it gave an error"" sense). Whenever one of these releases is parsed, the function that's running just freezes inexplicably. I cannot tell if the two different instances are at all related, but I'll share both. First is ghostsocial( https://open.spotify.com/artist/6ex1miCpb3Krg4TYoG4yAN ) with their release ""222"". This one, I have a small hunch on what it might be, but I can't really tell. There's another artist(two, technically) parsed prior in the list with a collaborative release titled ""222""( https://open.spotify.com/album/0eh1E2VA9M5jUIfEphr9V7 ), which could *maybe* break python if parsed as classes with the same name. I don't really think so since I'd get an error from python, but again, I'm not really sure if that's the problem(since it just stops), and if so, how to remedy it. Second is glitchgum( https://open.spotify.com/artist/1wpftBruYql3kTa4Px6kze ) with their release ""Streetlights (swood remix)"". This one I am genuinely clueless on. It exhibits the same traits as the other bug, but without the same naming coincidence. If it were an error on my end, though, I'd likely be getting a python error in return instead of radio silence and a half-run function stopping. Attached below is one of the functions in question. async with spotify.Client(ident, secret) as client:
        try:
            artist = await client.get_artist(artist_uri)
            print(""artist is "" + artist.name)
            albums = [f""## {artist.name}:\n""]
            async for track in artist:
                print(track.name)
                t = await tracktype(track.group)
                albums.append(f""> **{t}: [{track.name}](<{track.url}>)**\n"")
            return albums
        except Exception as e:
            print(e) Any insight would be greatly appreciated! Solved! Go to Solution.
Resolved(ish): root cause is a broken iterable caused by inaccurate release totals provided by spotify. Refer to https://community.spotify.com/t5/Spotify-for-Developers/API-is-returning-inaccurate-artist-release-t... View solution in original post
Resolved(ish): root cause is a broken iterable caused by inaccurate release totals provided by spotify. Refer to https://community.spotify.com/t5/Spotify-for-Developers/API-is-returning-inaccurate-artist-release-t...",,,,https://community.spotify.com/t5/Spotify-for-Developers/Spotify-py-Certain-artists-releases-brick-functions-inexplicably/td-p/7199368,2026-06-20T10:17:42.011383+00:00,{'source': 'community.spotify.com'}
community_forum,[Feature Proposal] Expose folders in the api,"I have a app that allows creating playlists. It would be really great if I could put all the playlist that my app makes into a certain folder so it is in its own nice category. I propose the api endpoints for folders to  be: [GET] me/folders?limit=...&offset=... Returns playlist ids of playlists in the folder folder name creation date folder id [PUT] me/folders?name=""...."" You could have playlists_ids in the  body for batch moving playlists to the folder like {""playlist_ids"": [""...."", ""...''], ""name"":""....""} But you could also just reuse the update playlist details endpoint [DELETE] me/folders?id=""..."" Should probably not delete the playlists in the folder You could just use the already existing modify playlist details endpoint to move playlists into a folder like so: [PUT] /playlists/{playlist_id} Body: {""folder_id"":""...""} It would also be great that when you create a playlist you could specify a folder id. This is nice because it saves a request if you want to put the playlist in the folder anyway. [POST] /user/{user_id}/playlist Body: {""folder_id"": ""...."" } I think the folder endpoints could just fall under the user-library-modify scope It would be great if this were to be added to the api as it would lead to a lot of new creative uses for the api and managing playlists. People could program their apps to put the playlists that their app creates into separate folders. I think uses would really appreciate this as their library stays much more organized.
I would really like to see this feature as well. It has come up as a problem / request multiple times over the years but never gains any traction.
Sad that I have to bring this post back from the dead after more than a year, but this is by far the best proposal I've seen for the Spotify API. This is a feature that is incredibly needed, and it's clearly already in the user data since folders sync between desktop and iOS. I heavily use folders and it's frustrating when I can't find one of my 300 playlists on any web app or even official (although soon to be e-waste) hardware like the Car Thing. I wish there was more support for this.",,,,https://community.spotify.com/t5/Spotify-for-Developers/Feature-Proposal-Expose-folders-in-the-api/td-p/5523025,2026-06-20T10:17:46.581622+00:00,{'source': 'community.spotify.com'}
community_forum,The repeat-one/loop button,"My Question or Issue: Hello, I'm a regular Spotify user and there's something I've noticed with the loop/repeat-one button which I'd like to bring up. When the button for looping a song shows a small 1 (meaning repeat-one is enabled), it plays the music over and over again. However, when the button doesn't show a small 1, the song I'm playing only loops once. It's as if the button is showing the opposite to what it's doing. I'm not sure whether this is a bug or it's meant to be like this but I thought I may as well bring it up. Many thanks.
Hi I’m also just a user but I just saw your post and I know the answer. When it has the little 1 it does indeed mean that it just repeats that one song. However when you just turn regular loop on (without the little 1) it repeats the whole album/playlist. If it is turned off the music stops when all the songs in the album/playlist has been played. I hope this helps you kind regards Benry
How many times will the playlist or album be repeated when tapping the repeat button which does not the “1” ?",,,,https://community.spotify.com/t5/Spotify-for-Developers/The-repeat-one-loop-button/td-p/5502794,2026-06-20T10:17:48.628419+00:00,{'source': 'community.spotify.com'}
community_forum,Restore Web API write access for individual developers (Development mode) —   follow/playlist endpoi,"I'm an individual developer building a small, personal music-discovery tool. Since the recent changes, ALL write endpoints (PUT /me/following, playlist modify) return 403 Forbidden for my own account in Development mode — even with the correct scopes (user-follow-modify) and a freshly created app. Read endpoints (GET) work fine and return 200 with the same token/scopes. I created a brand-new app to rule out an app-specific flag, and it returns the same 403, which points to an account/policy-level restriction. Extended Quota now appears to require enterprise contracts, leaving no path for personal/hobbyist write access. My use case is the opposite of abuse: I surface emerging, low-popularity artists outside my algorithm and want to FOLLOW them to support new talent — fully aligned with Spotify's mission of helping artists get discovered. Could you please (1) restore basic write access (follow, playlist-modify) for Development mode on the owner's own account, or (2) offer a non-enterprise path to write scopes for personal projects? Client ID: 4d5390831dd442f29c3f6b22cd48f030 · Endpoint: PUT /me/following?type=artist → 403 Forbidden. Thank you. Solved! Go to Solution.
Hi @dbesoain Thanks for posting in the Spotify Community! Spotify made a lot of changes to its API. I understand your struggle. According to Migration Guide , all save and follow actions use PUT /me/library now. I hope this helps you in making your music discover tool. Let me know if you need anything else. Ximzend Spotify Star Help others find this answer and click ""Accept as Solution"". If you appreciate my answer, maybe give me a Like. Note: I'm not a Spotify employee. View solution in original post
Thank you so much, Ximzend — you nailed it! You're 100% right: switching from the old `PUT /me/following` to `PUT /me/library` (with the artist URIs in the query, e.g. `?uris=spotify:artist:...`) did the trick. It went from 403 Forbidden to following all 43 artists in my discovery playlist in one go. So it was never a ban — just the February 2026 migration removing the old endpoint, exactly as you said. Really appreciate you taking the time to point me to the migration guide — huge help for the music-discovery tool I'm building. Marking this as the solution and dropping a Like. Cheers from Chile! View solution in original post",,,,https://community.spotify.com/t5/Spotify-for-Developers/Restore-Web-API-write-access-for-individual-developers/td-p/7474338,2026-06-20T10:17:50.492010+00:00,{'source': 'community.spotify.com'}
community_forum,"403 Forbidden on GET /v1/playlists/{id}/tracks — new app, Development Mode, correct scopes granted","Hi, I'm working on a personal web app that uses the Spotify Web API. I created a new Spotify Developer App and set up OAuth correctly. Problem: I'm getting 403 Forbidden on GET /v1/playlists/{playlist_id}/tracks even though: - The user authenticates via OAuth Authorization Code Flow - The access token contains: playlist-read-private playlist-read-collaborative - The user account is added to the Development Mode allowlist - The same code works fine with an older Spotify app (created pre-2024) GET /v1/playlists/{id} also returns the playlist object but with an empty tracks field — no items array is included in the response. This seems to be an app-level restriction rather than a scope or authentication issue. Is this related to Extended Quota Mode? If so, where can I apply for it? I cannot find the request form anywhere in the current Developer Dashboard. Thank you Solved! Go to Solution.
Hi @Keaza7 Thanks for posting in the Spotify Community! You are getting this error, because that endpoint is deprecated a while ago. You should use items instead of each type of item like tracks . Just replace tracks with items , and it should work. I hope this helps. If you need any other support, feel free to ask! Ximzend Spotify Star Help others find this answer and click ""Accept as Solution"". If you appreciate my answer, maybe give me a Like. Note: I'm not a Spotify employee. View solution in original post
Hi @Keaza7 Thanks for posting in the Spotify Community! You are getting this error, because that endpoint is deprecated a while ago. You should use items instead of each type of item like tracks . Just replace tracks with items , and it should work. I hope this helps. If you need any other support, feel free to ask! Ximzend Spotify Star Help others find this answer and click ""Accept as Solution"". If you appreciate my answer, maybe give me a Like. Note: I'm not a Spotify employee.",,,,https://community.spotify.com/t5/Spotify-for-Developers/403-Forbidden-on-GET-v1-playlists-id-tracks-new-app-Development/td-p/7473208,2026-06-20T10:17:52.412119+00:00,{'source': 'community.spotify.com'}
community_forum,"Extended quota request — artist-owned EPK platform (artist promotion + read-only, fully compliant)","Hi Spotify team, mi name is Ramiro Fazio Dattoli, im from Argentina. im founder of DJ Presskit (dj-presskit.com), a platform where DJs and artists build a professional electronic press kit (EPK). The page they send to bookers, promoters and festivals to get hired. How it promotes artists and creator discovery Each artist connects their own Spotify artist profile (with explicit consent) and we surface their own catalog on their own EPK. The people viewing these pages are industry decision-makers (bookers and promoters) so this is a direct channel for professional discovery of artists , and every track is fully attributed and deep-links back to Spotify , sending those listeners straight to the artist's official Spotify presence. How we use the Web API (read-only, compliant by design) Client Credentials flow, read-only. Today we call GET /artists/{id}, GET /artists/{id}/albums, GET /albums/{id}/tracks. Full Spotify attribution and deep links on every item; we follow the Design Guidelines and Developer Policy. No model training on Spotify content, no attempt to replicate Spotify's core experience, no resale of data, and we remove any artist's data on request. Per-artist data is refreshed roughly once a day — low-volume and cache-friendly. What we're requesting Extended quota access so we can represent artists accurately by leading with their signature work, not only their latest release. Specifically: GET /artists/{id}/top-tracks (currently 403 under our quota), and the popularity field on track objects. An EPK exists to put an artist's best foot forward, so ""most relevant tracks"" is core to the product's value to the artists themselves. Trajectory The platform is live and growing fast. We're in our first year and already approaching 70 active professional artists , each individually verified and onboarded with explicit consent. Adoption is steady and accelerating as more artists and their teams use their EPK as the page they send to bookers, promoters and festivals. What's especially relevant for this request is reach : these press kits are viewed by industry decision-makers across multiple countries, so every Spotify deep link is a real, qualified referral back to the artist's official profile. The screenshot below shows the global footprint of our presskits. Where the people discovering these artists (and clicking through to Spotify) are actually located. Spoiler (Highlight to read) We're fully committed to meeting the updated Developer Terms, and we're happy to share a live demo EPK, additional screenshots, or any compliance detail you need. Thanks for reviewing! Glad to answer anything here. - Ramiro, DJ Presskit (dj-presskit.com) Some example of our work: https://kay-wagner.dj-presskit.com/ https://dannykhas.dj-presskit.com/ https://alessandra.dj-presskit.com/ https://envel.dj-presskit.com/ https://pupijaet.dj-presskit.com/",,,,https://community.spotify.com/t5/Spotify-for-Developers/Extended-quota-request-artist-owned-EPK-platform-artist/td-p/7472648,2026-06-20T10:17:58.879460+00:00,{'source': 'community.spotify.com'}
community_forum,B2B Enterprise Catalog Audit Platform — Appropriate Path for Web API Extended Access?,"Hello Spotify Developer Community, My name is Raul Rodriguez, and I am contacting you on behalf of Creation Music LLC / Creation Music Group, a registered music administration, catalog audit, publishing administration, and rights-management company based in Florida. We are developing iCatalogIQ, a B2B catalog intelligence, rights-verification, and catalog-protection platform for professional music companies, labels, publishers, catalog owners, attorneys, rights administrators, and enterprise music teams. iCatalogIQ is not designed as a consumer-facing Spotify companion app measured primarily by mass monthly active users. Instead, the platform is intended to support professional and enterprise catalog-audit workflows for rights holders and organizations that manage large volumes of music assets. A key purpose of iCatalogIQ is to identify catalog theft, unauthorized duplication, duplicate releases, metadata manipulation, ownership inconsistencies, and rights conflicts by comparing DSP-facing catalog information against verified internal records, publishing data, distribution data, royalty records, ISRC information, songwriter/publisher records, and other rights-management sources. In the music industry, unauthorized duplications and incorrect catalog entries can cause serious harm. They can redirect royalties, create ownership confusion, interfere with proper royalty accounting, dilute official catalog performance, create false metadata trails, and make it difficult for rights holders to identify who is collecting revenue from their works. iCatalogIQ is being built to help rights holders detect these problems earlier and generate structured audit evidence that can support correction, escalation, or rights-administration action. Our platform helps review and verify artist discographies, albums, singles, track metadata, release dates, identifiers, duplicate versions, conflicting releases, unauthorized uploads, and mismatches between public DSP catalog data and the underlying rights records maintained by labels, publishers, distributors, administrators, and catalog owners. We are preparing iCatalogIQ for enterprise licensing conversations with major music catalog owners and industry partners. These organizations manage large catalogs, so our expected Spotify Web API usage would be driven by authorized catalog-review workflows and catalog-protection activity, not casual consumer activity. Because of this, we would like to confirm whether Spotify has an appropriate review path for B2B enterprise rights-administration and catalog-audit platforms that may not fit the standard consumer-app MAU model. Our use case is not based on having hundreds of thousands of consumer users logging into Spotify through our app. It is based on professional catalog analysis for rights holders, labels, publishers, and catalog administrators who need scalable metadata verification across large catalogs. iCatalogIQ uses Spotify data only for legitimate catalog identification, metadata comparison, rights verification, catalog protection, duplicate detection, and audit-support workflows. The platform does not use Spotify data to train machine learning models, create an unauthorized replica of Spotify, redistribute Spotify content, bypass Spotify functionality, or replace the Spotify user experience. iCatalogIQ has already implemented caching and rate-conscious request handling to reduce repeated Spotify Web API calls and avoid unnecessary requests for the same catalog data. The platform is designed to reuse previously retrieved metadata where appropriate, control refresh frequency, and support compliant retry/backoff behavior when Spotify returns HTTP 429 or Retry-After responses. Could someone please advise whether we should proceed through the standard Partner Application / Extended Quota request, or whether there is a more appropriate process for this type of B2B enterprise catalog-audit, catalog-protection, and rights-verification use case? Thank you, Raul Rodriguez Creation Music LLC / Creation Music Group **bleep** iCatalogIQ https://icatalogiq.com",,,,https://community.spotify.com/t5/Spotify-for-Developers/B2B-Enterprise-Catalog-Audit-Platform-Appropriate-Path-for-Web/td-p/7470794,2026-06-20T10:18:00.609360+00:00,{'source': 'community.spotify.com'}
community_forum,Is this use of Spotify's API allowed under TOS?,"Plan Premium Country United States Device PC Operating System Windows 10 My Question or Issue I am developing a video game and added the ability to link your Spotify account to the game. If you have premium and have the app open, the game will be able to manage what song is currently playing, can pause it, lower its volume, etc. The player can play songs by interacting with a radio object in game, so the music is framed somewhat diagetically -- non player characters even comment on the ""quality"" of the song (they arbitrarily and deterministically determine ""how good"" a song is by the string of text provided). Is this allowed under Spotify's TOS?",,,,https://community.spotify.com/t5/Spotify-for-Developers/Is-this-use-of-Spotify-s-API-allowed-under-TOS/td-p/7470373,2026-06-20T10:18:02.298924+00:00,{'source': 'community.spotify.com'}
community_forum,Context is null for recently played tracks,"For some reason whenever I hit the recently played tacks endpoint it gives me all the info but whenever its a liked song, it gives me a null context. Songs played from a playlist do work just not my liked songs. Plan Premium Country Device PC Operating System Windows 11",,,,https://community.spotify.com/t5/Spotify-for-Developers/Context-is-null-for-recently-played-tracks/td-p/7468602,2026-06-20T10:18:04.088188+00:00,{'source': 'community.spotify.com'}
community_forum,Authorisation in a CLI app,"I'm trying to write a Python CLI program (no associated webpage, entirely on-device, mostly for my own personal use) that will create a playlist. This means I have to use authorisation code flow, not client credentials. However, all of the authorisation docs seem to assume you'll have some sort of webpage to redirect to after authorisation, which my program does not (being a CLI-only program with no online presence). How would I get the authorisation code in these circumstances? Solved! Go to Solution.
I've normally tackled this by creating manual one-time authorization logic. If the application hasn't been authorized yet, I spin up a process to listen on a local port (ex: http://127.0.0.1:8080 ) and have it extract the code and state from the resulting query string. I then verify the state and exchange the code for an access token and refresh token. The refresh token, client ID, and client secret then get saved somewhere so authorization does not need to be performed again. I'm primarily a .NET dev, so I'm not as familiar with Python specifics, but it looks like spotipy might already have this built in ( https://spotipy.readthedocs.io/en/2.26.0/ ). View solution in original post
I've normally tackled this by creating manual one-time authorization logic. If the application hasn't been authorized yet, I spin up a process to listen on a local port (ex: http://127.0.0.1:8080 ) and have it extract the code and state from the resulting query string. I then verify the state and exchange the code for an access token and refresh token. The refresh token, client ID, and client secret then get saved somewhere so authorization does not need to be performed again. I'm primarily a .NET dev, so I'm not as familiar with Python specifics, but it looks like spotipy might already have this built in ( https://spotipy.readthedocs.io/en/2.26.0/ ).",,,,https://community.spotify.com/t5/Spotify-for-Developers/Authorisation-in-a-CLI-app/td-p/7468038,2026-06-20T10:18:05.921795+00:00,{'source': 'community.spotify.com'}
community_forum,Spotify can't play this right now. If you have the file on your computer you can import it,"Plan Premium Country UK Device Desktop Operating System Windows 10 My Question or Issue When I try to play a song I get the following error message ""Spotify can't play this right now. If you have the file on your computer you can import it"" I have tried all the fixes I have seen: Reinstalling app. Using version from Microsoft store. Disabled hardware acceleration. Disabled crossfading. Changed speaker options. Deleted local files. I've had this issue before and it was fixed by using the version from the Microsoft store but this isn't working now. Spotify works on my phone and my laptop, web player also works only the desktop app doesn't work. Solved! Go to Solution.
I think I have found a temporary resolution to this issue. Turn off ""Smart Shuffle"" then play the songs you cant play. Then turn ""Smart Shuffle"" back on and the songs should be playable. If you have shuffle turned off, cycle through the shuffle options then play your song that was unplayable. The app seems to lag or freeze for a second then recover after this action when the issue is present.
For me, I found going into your audio settings, clicking on your output device, and disabling any ""effects"" worked.",,,,https://community.spotify.com/t5/Desktop-Windows/Spotify-can-t-play-this-right-now-If-you-have-the-file-on-your/td-p/5259398,2026-06-20T10:18:10.682250+00:00,{'source': 'community.spotify.com'}
community_forum,Disable Video on desktop app,"There no X or way to close or stop a video on Spotify for Windows (64 bit) 1.2.64.408.g0a9b557c Solved! Go to Solution.
Hey everyone, Thank you for sharing your valuable feedback here on the forum. Rest assured it hasn't gone unnoticed. We believe that time spent on Spotify should be meaningful, personalized, and fulfilling. For this reason, we're excited to share that we're giving users the ability to better tailor their time spent on the platform, either by choosing to maintain the audio-first experience or to layer a richer, video-enhanced one. This article goes more in-depth on the topic, I'd recommend checking it out. Note: the feature is still in the process of rolling out gradually, so if you don't see it on your end just yet, rest assured it's coming your way soon. In the meantime, make sure you're keeping the app updated so you don't miss a thing. Thanks again for helping us make Spotify better. The Community is always here if there's anything you need assistance with. Yordan Moderator Help others find this answer and click ""Accept as Solution"" . What are Solutions exactly? If you appreciate an answer, maybe give it a ""Like"" . Are you new to the Community? Take a moment to introduce yourself! View solution in original post
Hey there @albanderv , Thanks for posting here in the Community and welcome. We hope you don't mind us moving your post as it fits better here in a thread. In order for you to stop watching videos on the Now Playing View on the desktop app, you need to click the Switch to audio button to go back to the audio view. It looks like this: If the song you're listening to has no video available, you won't see this button, you'll see the album art instead. By closing the Now Playing View in the desktop app, you'll also stop watching videos. You can do this by clicking on the Now playing view button at the bottom-right of the screen: Keep in mind, this does not disable them entirely, because if you open the now playing view, you'll automatically watch videos for the tracks that have them available. The app will remember your selection, so if you change to audio it'll stay that way until you decide to switch to video again. Now, if perhaps you're seeing an 8-second visual loop that shows instead of the album art, that'd be the Canvas . It appears in the Now Playing View instead of the album artwork. You can disable this feature by first clicking on your profile picture and then going to Settings . Once there, locate Display and under that, toggle the option Display short, looping visuals on tracks (Canvas) off. If you're having issues with the Now playing view in the desktop app, it'd be awesome if you could send us a detailed description of what exactly is happening on your side. We hope you found this helpful. Let us know if you need anything else. AlejaR Moderator Help others find this answer and click ""Accept as Solution"" . If you appreciate an answer, maybe give it a Like .",,,,https://community.spotify.com/t5/Desktop-Windows/Disable-Video-on-desktop-app/td-p/6980962,2026-06-20T10:18:13.404007+00:00,{'source': 'community.spotify.com'}
community_forum,"""Can't play this content, Exclusive mode is on""","Every time I try to play a song, I get a pop-up saying ""Can't play this content. Exclusive mode is on, so this content won't play. Turn it off in settings to keep listening"" but when I check in the settings, exclusive mode isn't enabled. I've tried switching to a different audio input that also doesn't have it enabled, and it still won't work. Is this happening to anyone else?
Make sure that your playback device is set to 44.1 kHz sampling frequency (16 or 24 bit). Set this in Windows sound settings. If in windows setting you don't have the 44.1 kHz option, check any device-specific control panel or app. My PreSonus interface comes with the 'Universal Control"" app, and Windows only sees the sampling frequency that was set there. When I had it on 48 kHz, I could not use Exclusive mode. Switched to 44.1, all good. I imagine it is possible that some Spotify content may be encoded a different sampling frequency than 44.1, and then the device setting would have to be changed to match. Annoying, but the point of the exclusive mode is that it guarantees no resampling, so that's the price one has to pay.
Hi there @aWindow , Thanks for reaching out and for flagging this! The issue you're experiencing sounds quite disruptive and confusing, but we're here to help you get to the bottom of this, so you can get back to listening to your favorite tracks without any sudden interruptions To begin with, we wanted to double-check if this might be happening with local files, since we've seen something similar in this thread ? If that's not the case, then we'd recommend going for some basic troubleshooting as it can be effective in such instances: Perform a clean reinstall of the app to remove any damaged cache that might be causing this If you've used the Spotify version from the Microsoft Store so far, try the one from our website instead and vice versa Log out and back in a couple of times in a row afterwards to make sure everything's synced Test with a different internet connection, if possible Check your device's firmware is up-to-date Let us know how it goes, we'll be happy to continue looking into this if you need any further help. Dessi Moderator Help others find this answer and click ""Accept as Solution"" . If you appreciate an answer, maybe give it a ""Like"" . Are you new to the Community? Take a moment to introduce yourself!",,,,https://community.spotify.com/t5/Desktop-Windows/quot-Can-t-play-this-content-Exclusive-mode-is-on-quot/td-p/7410536,2026-06-20T10:18:18.314385+00:00,{'source': 'community.spotify.com'}
community_forum,No sound from Nvidia Shield to TV; tracks appear to be playing,"Although tracks appear to be playing, I get no sound from Nvidia Shield to TV. Have uninstalled and reinstalled but no change. All other apps work
Hey folks, We really appreciate your patience while the team is looking into this and there's some news to share. It turns out that there's a setting on the Nvidia Shield that is causing some issues. The workaround is to disable it by following these steps: In the Nvidia Shield’s settings , go to: settings > device preferences > display & sound > advanced sound settings and disable ""Match content audio resolution - Preserve audio bit depth and sampling rate over HDMI"" . After this is done, either a force stop of the Spotify app is recommended and/or a cold restart of the device by unplugging the power cord (and other cables as well should be helpful). Then start the device again. It'd be very helpful for the investigation if you could try the abovementioned and get back to us with the results. Thank you once again and we'll be on the lookout.
Hi there folks, Thanks for the replies. We will continue to investigate this issue on our end and it will remain on our radar. But for the moment, we can't say for sure when this is going to be addressed. For the time being, we recommend following the steps discovered earlier in this thread that seem to alleviate things somewhat: In the Nvidia Shield’s settings , go to: settings > device preferences > display & sound > advanced sound settings and disable ""Match content audio resolution - Preserve audio bit depth and sampling rate over HDMI"" . Rest assured, if and when we have any news on the subject, we'll be sure to let you all know. Cheers!",,,,https://community.spotify.com/t5/Desktop-Windows/No-sound-from-Nvidia-Shield-to-TV-tracks-appear-to-be-playing/td-p/5531224,2026-06-20T10:18:20.933451+00:00,{'source': 'community.spotify.com'}
community_forum,Spotify plays on its own,"Plan Premium Country Germany Device Desktop PC Operating System Windows 11 My Question or Issue For a few months now I've had this issue with Spotify that it will start playing on its own every time I start up my computer. As in, if I press the power button on my PC and then wait, Spotify will start playing before I ever entered my password. The fix for that has been to restart my computer immediately after starting it up. But today I was watching Youtube, and every time the video on Youtube ended Spotify started playing on its own. It always behaves in the same way, first rapidly skipping through the songs of whatever playlist I had last listened to before settling on a song and playing normally from there. Completely closing Spotify stops it from playing, but opening it again it starts playing even before the app is fully loaded. Pausing the song also does nothing, as Spotify will just randomly skip to the next song and continue playing. It genuinely feels like Spotify is haunted. This issue does not happen on my laptop, only my desktop PC. Both have Windows 11.
As an addendum: While I was writing that post I had Spotify open in the background after pausing the currently playing song, and it was fine. But just now I checked Spotify, so clicked on it to be the active window, and it was again rapidly skipping through the playlist before settling on a song to play. So I restarted my whole PC and now Spotify started up normally without playing a song by itself.
Addendum II: I just remembered I had my PC in energy saving mode today. Usually I just leave my PC running over night to prevent Spotify from playing on its own on the next start up, but it appears putting it in energy saving mode causes the same problem.",,,,https://community.spotify.com/t5/Desktop-Windows/Spotify-plays-on-its-own/td-p/7475859,2026-06-20T10:18:22.918042+00:00,{'source': 'community.spotify.com'}
community_forum,Repeat one skips after an ad break,"Plan Free Country United States Device Windows 11 Desktop Operating System Windows 11 When playing a song on a playlist/album/authors top 10 with repeat one enabled, the song WILL repeat itself, up until an advertisement plays, at which it will go to the next song in the queue. It's become an irritating issue to me because of how often I repeat songs that I'm playing on a playlist, and I have to search the song and play it there where it won't add anything else to the queue.
Hi there @Mellophon3 , Thanks for reaching out to the Community and welcome. First up, does it happen on a device in particular? If you haven't, check if it happens on a different device or the Web Player . On another note, could you check if it also happens with a different account? If can be a relative or friend's account, or you can create an account for testing purposes and delete it after. We'll keep an eye out for your reply. Susan_GP Moderator Help others find this answer and click ""Accept as Solution"" . If you appreciate an answer, maybe give it a ""Like"" . Are you new to the Community? Take a moment to introduce yourself!
I have a similar issue like this, I have a Free Spotify Account for Desktop, the Loop One feature has been my only option to use for listening to my top songs. But now, an ad will play after the song even with Loop One enabled. It has never happened before until now. And I have tried everything to get it back to how it was, I have tried clearing cache, logging out and in, uninstalling and reinstalling... Still the same result. I am out of options and I don't know what to do. Its been very frustrating",,,,https://community.spotify.com/t5/Desktop-Windows/Repeat-one-skips-after-an-ad-break/td-p/6306720,2026-06-20T10:18:25.047661+00:00,{'source': 'community.spotify.com'}
community_forum,Windows Desktop application and Android application can no longer discover each other on Spotify Con,"Plan Premium Country USA Device Windows PC and Google Pixel Operating System Windows 11 and Android 16 My Question or Issue After a recent update on Windows and/or Android, I no longer find my Windows application on my Android app, nor my Android app on the Windows application, through Spotify Connect. I want to note that I have tried this from the same WiFi, with ""Local device visibility"" on and off. I've tried restarting both applications, and uninstalling and reinstalling Windows. Oddly, I am able to find several Sonos speakers and my PS5 from both Android and Windows, just not each other Solved! Go to Solution.
I posted this prematurely. This was resolved by restarting my computer View solution in original post
I posted this prematurely. This was resolved by restarting my computer",,,,https://community.spotify.com/t5/Desktop-Windows/Windows-Desktop-application-and-Android-application-can-no/td-p/7467731,2026-06-20T10:18:38.211728+00:00,{'source': 'community.spotify.com'}
community_forum,Spotify Windows Desktop App very slow and lag continuous,"I have tried everything, everything. Unless you have a new command prompt entry for me to make, I have tried it. This is a formal functionality failure report to hand to the devs, not an opportunity to say that I should clean install (which I have done, about 5 times), or edit the hosts file (lol) and then mark this as solved. Half of my job is troubleshooting software+hardware, I am 99.9% sure this is a Spotify-side issue. After troubleshooting through all of the suggestions I've found here and elsewhere, I can only vaguely assume that some of my network settings (via windows basic settings, trying on multiple networks, two windows devices), may be hindering Spotify app's ability to communicate every action I take back to the servers, because Spotify is rapidly collecting usage data. This is fine within our agreement, but should not cripple the functionality of the app itself. I've tried running it in safe mode and still lags. Spotify is clear to run in my firewall and process priority has been elevated and cache cleared and hardware disabled and downloads disabled and etc... Web Player works fine, iphone same account works fine. Premium account, windows 10 (and 11), 32gb ram, i7, 2TB 2 SSDs, 1TB free. Solved! Go to Solution.
This video actually solved the problem for me, you should try it: spotify fix lagging issue View solution in original post
Hey @ZoneWolf , Thank you for reaching out to the Community and welcome. We appreciate all the troubleshooting you've tried so far; it is very helpful to report an issue with the relevant teams. However, we need to gather as much info as possible to report it. Taking this into account, would you mind including in your next response the Spotify version you're currently running? Also, could you confirm if you're using a VPN or not, as it may affect the proper behavior of the app? Lastly, if you have the desktop version downloaded from our page, we'd recommend uninstalling it and reinstalling the version from the Microsoft Store , and vice versa, to see if it makes any difference. We'll be on the lookout. OscarDC Moderator Help others find this answer and click ""Accept as Solution"" . If you appreciate an answer, maybe give it a Like . Are you new to the Community? Take a moment to introduce yourself!",,,,https://community.spotify.com/t5/Desktop-Windows/Spotify-Windows-Desktop-App-very-slow-and-lag-continuous/td-p/5586919,2026-06-20T10:18:41.906965+00:00,{'source': 'community.spotify.com'}
community_forum,Queue readding already played songs,"Plan Premium Country United States Device Computer and LG K40 Operating System Windows 10 and Android My Question or Issue For the last few months, I've been having issues with my queue adding songs that were already played, making it impossible to rotate through my playlist like i was able to prior. This happens to both my computer app and phone app. Before this happened, I was able to turn on shuffle and hit play, where it would cycle through the songs before ending and giving me the chance to reshuffle or hit play again. I would love to be able to cycle through my playlists like i was able to prior. I have no idea what caused this, i turned the shuffle back to standard, reinstalled the app, cleared cache and none of that helped. It only seems to happen when the app is closed out for the night or paused for a period of time. Below are screenshots showing this - Second one is before the app is closed out and first picture is afterwards, all songs in first were played hours prior. The is Standard Shuffle and no rotation on. Shuffle was not hit as i can find the songs that were supposed to play farther down.
Not sure why the pictures didnt add, here they are
Hi there, @MedicBunny Thanks for reaching out and welcome to the Spotify Community! In case you haven't done it yet, you can change the type of Shuffle you would like to go to once you press the Shuffle button in a playlist. In the desktop app you can go to the upper right corner, where you see your profile image, and then click there. Once the menu comes down, you can choose the Settings option and then go down until you find the Shuffle feature. There you can pick between ""fewer repeats"" or ""standard"" (as seen in the image below): In the mobile app go to Settings and Privacy > Playback > You can toggle on or off the ""Include Smart Shuffle in play modes"" option. In that same menu, you'll see the Shuffle feature and you can choose the preferred shuffle style you would like to go with: Hope this helps. Let us know how it goes! Paula_Vi Moderator Help others find this answer and click ""Accept as Solution"" . If you appreciate an answer, maybe give it a Like . Are you new to the Community? Take a moment to introduce yourself!",,,,https://community.spotify.com/t5/Desktop-Windows/Queue-readding-already-played-songs/td-p/7314439,2026-06-20T10:18:44.085446+00:00,{'source': 'community.spotify.com'}
community_forum,This content is not available for all songs,"Plan Premium Country The Netherlands Device Dell laptop Operating System Windows 10 x64 My Question or Issue I cant play any song directly from Spotify on my laptop. The only thing that works is to press the play button in an album. All songs are greyed out. Can't play any playlists. This problem started to occur just today. Logging off/on doesn't work, offline mode on/off doesnt work, reinstall doesn't work. Any ideas on how to fix this?
Hi @erik84_ , Thanks for the post. Sorry to hear that you're having such an experience with the app. We'd recommend running a clean reinstall of the app. Please follow the steps from this Spotify Guide exactly, as this will assure that all possibly corrupted app data is cleared completely, before reinstalling. Keep us posted on how you get on with this. Cheers. Alex Moderator Help others find this answer and click ""Accept as Solution"" . If you appreciate an answer, maybe give it a Like . Are you new to the Community? Take a moment to introduce yourself!
I have the same issue that was posted yesterday - https://community.spotify.com/t5/Desktop-Windows/Desktop-app-completey-unusable-every-song-says-quot... There are an increasing amount of people with the same problem as OP described, and ""perform a clean install"" isn't helping people.",,,,https://community.spotify.com/t5/Desktop-Windows/This-content-is-not-available-for-all-songs/td-p/5274977,2026-06-20T10:18:49.334261+00:00,{'source': 'community.spotify.com'}
play_store,,I love 💕 the app,5.0,Ntshlelele Elizabeth,2026-06-19 15:45:07,,2026-06-20T10:16:21.215102+00:00,"{'review_id': '8904c06f-ea7c-4ec1-9f0f-19019cf78790', 'thumbs_up': 0, 'app_version': '9.1.58.1567'}"
play_store,,excellent 👍,5.0,Raj Upadhyay,2026-06-19 15:40:47,,2026-06-20T10:16:21.215130+00:00,"{'review_id': '547f98fd-a7de-4a6d-b0fc-439632fb3112', 'thumbs_up': 0, 'app_version': '9.1.52.1394'}"
play_store,,Just feel it,5.0,Kassi Paru,2026-06-19 15:39:51,,2026-06-20T10:16:21.215143+00:00,"{'review_id': 'dda9f2a3-92ed-4c8f-b3b6-7816587ea0e9', 'thumbs_up': 0, 'app_version': '9.1.58.1567'}"
play_store,,used Spotify daily for over 10 years now. couldn't live without it,5.0,Dylan Jones,2026-06-19 15:38:08,,2026-06-20T10:16:21.215153+00:00,"{'review_id': '98aef4d2-52b9-4610-b6ee-7e8d7cee3351', 'thumbs_up': 0, 'app_version': '9.1.58.1567'}"
play_store,,"please remove your ads ... it's all over all platforms it's annoying...we know, we get it , we have Spotify in our phone ...it's too much",2.0,Joshua Gangte,2026-06-19 15:37:45,,2026-06-20T10:16:21.215164+00:00,"{'review_id': '651ef798-9c6a-4e66-a7ae-86fc4bc36b2e', 'thumbs_up': 0, 'app_version': None}"
play_store,,awesome,5.0,John Mutugi,2026-06-19 15:36:04,,2026-06-20T10:16:21.215173+00:00,"{'review_id': 'f99e06e4-daf2-4a62-a2e3-ea813b1b4d3d', 'thumbs_up': 0, 'app_version': '9.1.52.1394'}"
play_store,,"Spotify ialah aplikasi penstriman muzik yang mudah digunakan, mempunyai koleksi lagu yang besar dan cadangan muzik yang baik. Ia sesuai untuk pengguna yang gemar mendengar muzik setiap hari, tetapi versi percuma mengandungi iklan.",3.0,eyqa zulkefli,2026-06-19 15:34:25,,2026-06-20T10:16:21.215183+00:00,"{'review_id': 'd4f92f04-e9c7-441b-914f-69d69374710c', 'thumbs_up': 0, 'app_version': None}"
play_store,,not download,1.0,Anandra Dutta,2026-06-19 15:32:56,,2026-06-20T10:16:21.215192+00:00,"{'review_id': '211e8b3b-7a79-4cd3-a15e-ad26f610dfc7', 'thumbs_up': 0, 'app_version': None}"
play_store,,THE BEST SONG APP EVERRRRRRRR😍😍😍😍,5.0,Nikita Sk,2026-06-19 15:31:12,,2026-06-20T10:16:21.215202+00:00,"{'review_id': '73e92235-7817-461b-b4ef-0ac0b61c2923', 'thumbs_up': 0, 'app_version': '9.1.58.1567'}"
play_store,,nice 👍🏻🙏🏻❤️❤️,5.0,Mithlesh Meena,2026-06-19 15:27:11,,2026-06-20T10:16:21.215211+00:00,"{'review_id': 'c51343d4-8d3c-4b5d-a3b8-cf546caaed9e', 'thumbs_up': 0, 'app_version': '9.1.52.1394'}"
play_store,,terrible widget experience in android,3.0,Xuan Triet Nguyen,2026-06-19 15:22:49,,2026-06-20T10:16:21.215221+00:00,"{'review_id': 'a5ac69a8-3c4b-4fe4-a29c-160a832a58aa', 'thumbs_up': 1, 'app_version': '8.6.66.1238'}"
play_store,,superb app with lossless quality sounds phenomenal,5.0,Mark T,2026-06-19 15:20:46,,2026-06-20T10:16:21.215231+00:00,"{'review_id': 'f301d602-b667-456f-b3d3-79d49408ac84', 'thumbs_up': 0, 'app_version': '9.1.58.1567'}"
play_store,,too much ads ik premium is good but without it a lot of ads come after every 2 min song a five minutes couple of ads is needed to be listened 😕😕,3.0,Riddhi Varshney,2026-06-19 15:19:25,,2026-06-20T10:16:21.215241+00:00,"{'review_id': 'dbaf563b-7117-43bc-b310-bfea5c77407e', 'thumbs_up': 0, 'app_version': '9.1.58.1567'}"
play_store,,"If I am listening to a podcast series and I am on episode 38, when that finishes I want to listen to episode 39. Why do you play the most recent one? Or sometimes a totally different and unrelated podcast series? Why is it impossible to find things easily on Android Auto?",1.0,Dai Williams,2026-06-19 15:19:25,,2026-06-20T10:16:21.215257+00:00,"{'review_id': '080d8355-476e-4419-94ed-f18210ec9906', 'thumbs_up': 0, 'app_version': '9.1.58.1567'}"
play_store,,too many ads,1.0,Siddhnath Jadhav,2026-06-19 15:16:09,,2026-06-20T10:16:21.215269+00:00,"{'review_id': '148c80a8-509f-4146-b382-e1e485ecca1f', 'thumbs_up': 0, 'app_version': None}"
play_store,,"such a money hungry app, can't even do anything.",1.0,Ridhisha Singh,2026-06-19 15:14:06,,2026-06-20T10:16:21.215279+00:00,"{'review_id': '9e17279c-1876-4e38-b109-7314e01f38c3', 'thumbs_up': 0, 'app_version': '9.1.58.1567'}"
play_store,,"The app is completely unusable without premium. It feels like Spotify is getting greedier by the day, essentially forcing users to purchase premium by restricting the most basic features. I'm tempted to pay to unlock premium features but that'd mean supporting their monopoly.",4.0,Kiel Tayag,2026-06-19 15:14:05,,2026-06-20T10:16:21.215289+00:00,"{'review_id': '7e11f505-58c1-4a53-8fb4-ef1585fff632', 'thumbs_up': 1, 'app_version': '9.1.58.1567'}"
play_store,,it's good even though it has ads and limitations,5.0,Gelian Ludovice,2026-06-19 15:13:40,,2026-06-20T10:16:21.215299+00:00,"{'review_id': '99d002d7-cdb3-40d1-ac09-69bbb2a0f5ee', 'thumbs_up': 0, 'app_version': '9.1.56.574'}"
play_store,,amazjng,5.0,Sujin Lee,2026-06-19 15:04:35,,2026-06-20T10:16:21.215308+00:00,"{'review_id': '2cdedfd9-a73e-432e-8f73-cdfe1283d4c5', 'thumbs_up': 0, 'app_version': '9.1.58.1567'}"
play_store,,"I really love this app.. I love to hear songs while studying and this app helps me in the best way!! Spotify helps me to discover new songs. This has been the best part of my music journey! The 'Discover Weekly' and 'Daily Mixes' are pure magic. I’ve found more new favorite artists here than anywhere else.""""Spotify doesn't just play songs; it curates the perfect moments of your day.""""The recommendation engine is simply unmatched. It knows exactly what I love to play👍💕💖🤞",5.0,Raz The Mentor,2026-06-19 15:01:00,,2026-06-20T10:16:21.215319+00:00,"{'review_id': 'a8112429-e2a2-4681-8fc0-14018680a0da', 'thumbs_up': 0, 'app_version': '9.1.58.1567'}"
play_store,,app keeps closing isn't an issue on my end that I'm aware of so not sure what's up.,3.0,HXYMXXY,2026-06-19 15:00:06,,2026-06-20T10:16:21.215330+00:00,"{'review_id': 'bd2a4975-05db-47d8-935a-a16ce85c61de', 'thumbs_up': 0, 'app_version': '9.1.58.1567'}"
play_store,,Easy to use & enjoyable for me to keep tuning in to,5.0,Michael Davis,2026-06-19 14:58:02,,2026-06-20T10:16:21.215339+00:00,"{'review_id': 'bb842bdc-794f-4192-84c6-ba16548bb1dd', 'thumbs_up': 0, 'app_version': '9.1.58.1567'}"
play_store,,amazing 😫,5.0,Thubelihle Njilo,2026-06-19 14:53:29,,2026-06-20T10:16:21.215348+00:00,"{'review_id': '51174fb8-3e45-420c-a40b-0a45f98efdc0', 'thumbs_up': 0, 'app_version': '9.1.58.1567'}"
play_store,,very nice aplication for enjoy music,5.0,KASHISH WALIA,2026-06-19 14:52:41,,2026-06-20T10:16:21.215357+00:00,"{'review_id': 'c11a1513-403e-4a0e-b883-d31bb1424fa5', 'thumbs_up': 0, 'app_version': '9.1.58.1567'}"
play_store,,great,5.0,Faith Ncube,2026-06-19 14:49:55,,2026-06-20T10:16:21.215367+00:00,"{'review_id': 'de009d1b-48dc-49b7-a120-ff2910d7e3ed', 'thumbs_up': 0, 'app_version': '9.1.56.574'}"
play_store,,best,2.0,Abhishek Yadav,2026-06-19 14:45:57,,2026-06-20T10:16:21.215376+00:00,"{'review_id': 'a9f15953-fc46-48d3-83db-64512d839a64', 'thumbs_up': 0, 'app_version': '9.1.56.574'}"
play_store,,Should've been good app but damn greedy just a bit more step to be pay to use,1.0,Christian Patrocinio,2026-06-19 14:45:50,,2026-06-20T10:16:21.215384+00:00,"{'review_id': 'a9a54add-f216-446f-a5b4-5512e06fdf7c', 'thumbs_up': 0, 'app_version': '9.1.50.1906'}"
play_store,,❤,5.0,Fateh Singh,2026-06-19 14:45:37,,2026-06-20T10:16:21.215393+00:00,"{'review_id': '8057cbb1-57aa-4347-ae5b-59a78c09d93d', 'thumbs_up': 0, 'app_version': '9.1.58.1567'}"
play_store,,scammer I want to buy the premium and it wouldn't let me buy and end up with 0 money,1.0,Sans Gabriel Tan,2026-06-19 14:44:45,,2026-06-20T10:16:21.215403+00:00,"{'review_id': 'd2662c79-25f1-408d-a16d-53df4a404985', 'thumbs_up': 0, 'app_version': None}"
play_store,,ভরসাযোগ্য,5.0,SOHAM MANDAL,2026-06-19 14:44:05,,2026-06-20T10:16:21.215416+00:00,"{'review_id': 'd046c415-db55-4bc5-869a-7819900a328d', 'thumbs_up': 0, 'app_version': '9.1.34.2060'}"
play_store,,It the best,5.0,Achol Tong,2026-06-19 14:42:59,,2026-06-20T10:16:21.215423+00:00,"{'review_id': '8db143a6-fa0d-4b00-9242-7e527830c43e', 'thumbs_up': 0, 'app_version': None}"
play_store,,bruh i cant do anything without premium subscription,1.0,Yash Raval,2026-06-19 14:42:32,,2026-06-20T10:16:21.215432+00:00,"{'review_id': '7457dbfc-b854-4dbf-b447-93ff983d94dd', 'thumbs_up': 0, 'app_version': '9.1.52.1394'}"
play_store,,very useful app in my workout time 🐉💓,5.0,Mr Emad,2026-06-19 14:39:03,,2026-06-20T10:16:21.215441+00:00,"{'review_id': 'de66f98c-29b2-4e10-bd17-24961f5bd89c', 'thumbs_up': 0, 'app_version': '9.1.56.574'}"
play_store,,"Good so far, well done, sporty music",5.0,Matthew Jonathan,2026-06-19 14:38:17,,2026-06-20T10:16:21.215451+00:00,"{'review_id': 'e249bbd7-2f15-4e69-9bf1-2492b408821b', 'thumbs_up': 0, 'app_version': '9.1.24.1739'}"
play_store,,Best music app 🥹,5.0,Agboola Oluwaferanmi,2026-06-19 14:30:28,,2026-06-20T10:16:21.215460+00:00,"{'review_id': '56f02f16-9c0d-48b5-8c32-e5e10fbe2cf5', 'thumbs_up': 0, 'app_version': '9.1.24.1739'}"
play_store,,good but ads are intolerent and Raigbait all the time in a flow,3.0,Vishwajeet Jadhav,2026-06-19 14:29:31,,2026-06-20T10:16:21.215469+00:00,"{'review_id': '0c8f6d50-5dcf-4c7c-869b-9dc8ffd3df38', 'thumbs_up': 0, 'app_version': '9.1.58.1567'}"
play_store,,great real pogcast I have listened to in a long while,5.0,Patrick Lynn,2026-06-19 14:28:24,,2026-06-20T10:16:21.215477+00:00,"{'review_id': 'ba8b03b5-865e-43b0-8fe4-3c4f83f45f6c', 'thumbs_up': 0, 'app_version': '9.1.58.1567'}"
play_store,,the new update is making my app crash,2.0,Waza Nyirenda,2026-06-19 14:26:08,,2026-06-20T10:16:21.215487+00:00,"{'review_id': '9896e6ac-5e78-4535-8bcb-d0aaf6d7f4eb', 'thumbs_up': 0, 'app_version': '9.1.58.1567'}"
play_store,,love it my favorite app,5.0,Donna Mcleod,2026-06-19 14:21:10,,2026-06-20T10:16:21.215495+00:00,"{'review_id': 'f8c5105a-ed4a-4c7b-9579-f5e290fffdf2', 'thumbs_up': 0, 'app_version': '9.1.52.1394'}"
play_store,,this app is 10/10 until our network goes off 🙄,5.0,Hina Irfan,2026-06-19 14:20:14,,2026-06-20T10:16:21.215504+00:00,"{'review_id': '163bc7cf-aded-4563-b1fd-f857ed32b095', 'thumbs_up': 0, 'app_version': None}"
play_store,,"the customer service is a joke, takes forever to get to a person that can actually help solve the issue and even then they can't fix it.",1.0,burnt pizza89,2026-06-19 14:17:48,,2026-06-20T10:16:21.215512+00:00,"{'review_id': '99515690-06ef-455d-a01c-61f51c7819cf', 'thumbs_up': 0, 'app_version': '9.1.58.1567'}"
play_store,,the music quality is excellent,5.0,Omvati Sharma,2026-06-19 14:11:21,,2026-06-20T10:16:21.215522+00:00,"{'review_id': '9631c392-fee1-4860-880f-f7df3f1ea8a7', 'thumbs_up': 0, 'app_version': '9.1.58.1567'}"
play_store,,awe awesome 👍😎,5.0,Stephen Michael Jeacocks,2026-06-19 14:09:58,,2026-06-20T10:16:21.215532+00:00,"{'review_id': 'e392c0f1-fd30-4f1c-b27a-944b579de16c', 'thumbs_up': 0, 'app_version': '9.1.58.1567'}"
play_store,,Dope 👌 music 🎶 streaming app ever. 10/10 🔥🔥,5.0,Enter Boy,2026-06-19 14:08:35,,2026-06-20T10:16:21.215542+00:00,"{'review_id': 'cd9fbccb-d979-4af3-a245-b4766aeb95fe', 'thumbs_up': 0, 'app_version': '9.1.52.1394'}"
play_store,,new widget is trash... hardly works...,1.0,Ray Enigma,2026-06-19 14:07:00,,2026-06-20T10:16:21.215550+00:00,"{'review_id': '7745b3cc-28e8-4a04-89f3-2338eaea09de', 'thumbs_up': 2, 'app_version': '9.1.58.1567'}"
play_store,,تطبيق سئ,1.0,Alaa AbdElmonsef,2026-06-19 14:05:51,,2026-06-20T10:16:21.215560+00:00,"{'review_id': '64a7fa10-10b6-4579-a4ac-e7bf29850415', 'thumbs_up': 0, 'app_version': None}"
play_store,,good,5.0,Hena Roy,2026-06-19 14:02:56,,2026-06-20T10:16:21.215569+00:00,"{'review_id': 'eaacac48-2813-40b0-a8e7-82cb04ac107e', 'thumbs_up': 0, 'app_version': '9.1.52.1394'}"
play_store,,brilliant love it thanks,5.0,Richard Mccaig,2026-06-19 14:02:20,,2026-06-20T10:16:21.215579+00:00,"{'review_id': 'd9a7ae6c-537e-4fd7-a50e-6384685ca6c4', 'thumbs_up': 0, 'app_version': None}"
play_store,,The perfect 👌 app,5.0,uttam chandanshive,2026-06-19 14:02:13,,2026-06-20T10:16:21.215589+00:00,"{'review_id': '9a0ce330-e3c3-4dbb-8e70-53d781510d48', 'thumbs_up': 0, 'app_version': '9.1.52.1394'}"
play_store,,the amount of adds you put in between i am planning to uninstall this app,1.0,Harshal Joshi,2026-06-19 14:01:58,,2026-06-20T10:16:21.215600+00:00,"{'review_id': '0a50fbce-8f59-4586-9185-220f2d8f68e6', 'thumbs_up': 0, 'app_version': '9.1.56.574'}"
play_store,,"I was debited for individual premium this morning, and I wasn't granted the subscription I need refund please",2.0,seyi sevic,2026-06-19 13:59:30,,2026-06-20T10:16:21.215616+00:00,"{'review_id': '312ce4b5-a320-4166-a5a5-e59bf1f71466', 'thumbs_up': 0, 'app_version': '9.1.56.574'}"
play_store,,you guys need to here this everything is great about the music and podcasts and many other things BUT. some things I think need to be fixed. including the ability to report things and be able to remove things from your profile. other than that this app is one of the best of any apps and is awesome!!!,4.0,Harry Lowe,2026-06-19 13:57:49,,2026-06-20T10:16:21.215629+00:00,"{'review_id': '141c298d-5f44-468e-939f-725fed713fa4', 'thumbs_up': 0, 'app_version': '9.1.56.574'}"
play_store,,"Best music app for uncomplicated listening! The elapsed time between installation and sitting back to relaxed listening is about as short as it could be. I've had it installed for over a year now and so far it has found every album, song, artist, and genre I've searched for ......including the yodeling song by Frigid Pink! 9.5 thumbs up! Update June 19th, 2026: And after being a subscriber for many years now I can honestly say that it is the most used app that I have installed on my phone...",5.0,Saint Peter,2026-06-19 13:57:28,,2026-06-20T10:16:21.215638+00:00,"{'review_id': '33423c63-832b-4183-9f66-a0b53b815331', 'thumbs_up': 63, 'app_version': '9.1.58.1567'}"
play_store,,Very bad,1.0,Anshu Shukla,2026-06-19 13:55:32,,2026-06-20T10:16:21.215648+00:00,"{'review_id': 'c3452796-b5c8-4f8e-81e1-7d2c7df8cb4e', 'thumbs_up': 0, 'app_version': '9.1.58.1567'}"
play_store,,"Best music app until you have to deal with support. I've reported an ""artist"" that was stealing other actual artist's names to promote his AI slops. Support sent me a canned response that was not even an answer to the topic.",3.0,Adam Bajek,2026-06-19 13:52:28,,2026-06-20T10:16:21.215657+00:00,"{'review_id': '5c0f31c6-467c-4059-951c-8ae953d2b84b', 'thumbs_up': 36, 'app_version': '9.1.58.1567'}"
play_store,,best music app ever,5.0,Joseph Odey,2026-06-19 13:50:10,,2026-06-20T10:16:21.215665+00:00,"{'review_id': '7778196d-9587-4c36-b99e-ba5c9e7eb570', 'thumbs_up': 0, 'app_version': '9.1.58.1567'}"
play_store,,i can find allmost all song that i need with lyrics.. i love it,5.0,Bonaventure Kimario,2026-06-19 13:46:47,,2026-06-20T10:16:21.215675+00:00,"{'review_id': '746b069d-0e74-4548-a2d2-e1e144364537', 'thumbs_up': 0, 'app_version': '9.1.52.1394'}"
play_store,,no interruption,5.0,Michael,2026-06-19 13:45:33,,2026-06-20T10:16:21.215684+00:00,"{'review_id': '1b265d54-2d82-4ee1-aad5-d42d936d138d', 'thumbs_up': 0, 'app_version': '9.1.56.574'}"
play_store,,"Spotify adalah aplikasi muzik yang sangat baik dengan koleksi lagu dan podcast yang lengkap. Kualiti audio memuaskan, mudah digunakan dan cadangan lagu yang diberikan sangat menepati citarasa. Sangat sesuai untuk hiburan harian",5.0,Auni Syazelin,2026-06-19 13:41:05,,2026-06-20T10:16:21.215693+00:00,"{'review_id': '2b0aaab2-03f1-4be1-835f-a62aec074b41', 'thumbs_up': 0, 'app_version': '8.9.36.616'}"
play_store,,"Dear Spotify, Thank you for providing such a wonderful platform. Spotify has finally become legally accessible in Iran 🥲, and we are very happy about it. We would really appreciate it if you could also add Iran to the list of countries eligible for Spotify Premium purchases. This would make things much easier for Iranian users, who currently have to rely on unofficial methods or third-party resellers to subscribe. Thank you❤️",1.0,Hediye,2026-06-19 13:39:38,,2026-06-20T10:16:21.215703+00:00,"{'review_id': 'f796ee3e-d7c5-4725-8a96-8978ceebd25c', 'thumbs_up': 0, 'app_version': '9.1.52.1394'}"
play_store,,nice,5.0,Sudesh bala,2026-06-19 13:39:09,,2026-06-20T10:16:21.215712+00:00,"{'review_id': 'cb068f17-14fb-4166-861e-279245b8b574', 'thumbs_up': 0, 'app_version': None}"
play_store,,your crummy app starts playing music at 3 am when the app is not open on amy of my devices. garbage.,1.0,Christopher,2026-06-19 13:36:39,,2026-06-20T10:16:21.215722+00:00,"{'review_id': '0083d126-bec9-4ac2-9434-7408f8fd32fc', 'thumbs_up': 0, 'app_version': '9.1.58.1567'}"
play_store,,wonderful,5.0,Hilda Nyirongo Banda,2026-06-19 13:36:24,,2026-06-20T10:16:21.215734+00:00,"{'review_id': '3e787a1e-0a7d-40e4-b532-2967fcd9eb52', 'thumbs_up': 0, 'app_version': '9.1.42.2058'}"
play_store,,best song app,5.0,Dr.kailash Ajnare,2026-06-19 13:30:11,,2026-06-20T10:16:21.215759+00:00,"{'review_id': '08589964-2773-4e1a-afa2-f5f5aa2ba45c', 'thumbs_up': 0, 'app_version': '9.1.56.574'}"
play_store,,useless,1.0,Miguel Babon,2026-06-19 13:27:39,,2026-06-20T10:16:21.215777+00:00,"{'review_id': 'd6908d92-19a0-42e8-a2b7-61890b0904fb', 'thumbs_up': 0, 'app_version': '9.1.56.574'}"
play_store,,best music app till I get an iPhone,5.0,Femi Folorunsho,2026-06-19 13:26:59,,2026-06-20T10:16:21.215785+00:00,"{'review_id': 'acbbfd61-e9e6-4012-be86-3227050cb186', 'thumbs_up': 0, 'app_version': None}"
play_store,,if we can't even choose a single song that we want to listen...then we can't even call it a music app...waste of my phone storage...some lowlife greedy app.,1.0,Neelam Arya,2026-06-19 13:24:01,,2026-06-20T10:16:21.215793+00:00,"{'review_id': '00b712e6-dda7-4baf-8c17-e4c60bc351ce', 'thumbs_up': 0, 'app_version': None}"
play_store,,awesome 👍💯,4.0,incredible Donah,2026-06-19 13:23:16,,2026-06-20T10:16:21.215801+00:00,"{'review_id': 'faf072f7-5b59-421b-b3e6-acbfeae22807', 'thumbs_up': 0, 'app_version': None}"
play_store,,I used to use this app all the time but then the new updates cam rolling in and made the free version terrible I just want old Spotify back!!,1.0,Alba Wilsonmal,2026-06-19 13:13:42,,2026-06-20T10:16:21.215811+00:00,"{'review_id': '268a3406-afe5-4aa8-804e-515d13ac40bf', 'thumbs_up': 0, 'app_version': None}"
play_store,,it's very good,5.0,gopal kumar,2026-06-19 13:12:33,,2026-06-20T10:16:21.215819+00:00,"{'review_id': '5154f65f-cdca-4283-8a9f-92629ad4b3e5', 'thumbs_up': 0, 'app_version': '9.1.56.574'}"
play_store,,"Devs don't understand that 10x more people (including me) would subscribe monthly for 2.99. Instead they only get 1/10th the subscribers at $12.99 and lose about 60% of what they otherwise could be making. Devs also don't understand that force shuffle AND ads are too much. It drives people off the app so they get less ad revenue. If they change subscription cost to 2.99 their sub revenue doubles. If they allow no shuffle, then ad revenue also goes up substantially.",1.0,Rob,2026-06-19 13:12:06,,2026-06-20T10:16:21.215828+00:00,"{'review_id': '91fa7061-cfe0-4f66-b8d7-98e6b0142f01', 'thumbs_up': 0, 'app_version': '9.1.52.1394'}"
play_store,,I love this app. different genres of music in a single box,5.0,Patrick Adeniran,2026-06-19 13:10:41,,2026-06-20T10:16:21.215837+00:00,"{'review_id': 'd39df1d3-adab-4a33-ae05-24ce0d08cb0b', 'thumbs_up': 0, 'app_version': '9.1.52.1394'}"
play_store,,Persistent excessive cache build up is disrupting how I can use my mobile device. Really arrogant. Give me a slider setting to set max cache size.,1.0,David Hawkins,2026-06-19 13:07:50,,2026-06-20T10:16:21.215847+00:00,"{'review_id': '85f5ded5-50c6-49f6-bbe3-be1c643f8c37', 'thumbs_up': 1, 'app_version': '9.1.56.574'}"
play_store,,"deleting this app just because u asking charges for songs , don't agree with this why we pay for songs we adjust with adds ... Gandit takun ghya tumcha app tumchya khoop app ahet je free mdhe songs eiku detat",3.0,vishal padave,2026-06-19 13:00:56,,2026-06-20T10:16:21.215858+00:00,"{'review_id': '8700de7f-c9f8-42f6-8f05-aafebc022223', 'thumbs_up': 0, 'app_version': '9.1.24.1739'}"
play_store,,The app is full of ads only. The worst app to listen to songs💔🤬,1.0,Baliram Korde,2026-06-19 12:59:08,,2026-06-20T10:16:21.215867+00:00,"{'review_id': 'b9dde8ef-8b2b-4e17-bc34-fcb1c6227b6b', 'thumbs_up': 0, 'app_version': None}"
play_store,,Stops playing randomly after a song,1.0,Jan Ström,2026-06-19 12:56:48,,2026-06-20T10:16:21.215890+00:00,"{'review_id': '9f3345a8-55ba-4fc2-b1ce-bea952c39935', 'thumbs_up': 0, 'app_version': '9.1.58.1567'}"
play_store,,super,5.0,Gudidevuni Raju,2026-06-19 12:56:38,,2026-06-20T10:16:21.215906+00:00,"{'review_id': '1ab1c581-7f74-4a52-99df-bf616d729d02', 'thumbs_up': 0, 'app_version': '9.1.58.1567'}"
play_store,,worst app ever login problem while i am login with my phone number they show try with different number and after login they show something went wrong have another go problem showing 🤬🤬🤬,1.0,Soham Shelke,2026-06-19 12:50:39,,2026-06-20T10:16:21.215918+00:00,"{'review_id': '4cdd6efa-916b-4d81-99f9-39a9449db479', 'thumbs_up': 0, 'app_version': '9.1.58.1567'}"
play_store,,very amazing app for listening song,5.0,Sujit Kumar,2026-06-19 12:48:41,,2026-06-20T10:16:21.215933+00:00,"{'review_id': '28f30932-cd88-44f7-b1e0-7005a02d8dd4', 'thumbs_up': 0, 'app_version': None}"
play_store,,veri good ok bye,5.0,kiev rien,2026-06-19 12:47:48,,2026-06-20T10:16:21.215943+00:00,"{'review_id': '14b21081-8f3d-47d9-a69d-b2e87d02b585', 'thumbs_up': 0, 'app_version': '9.1.56.574'}"
play_store,,I love the app...I will always pay for music because its my therapy...i keep updating thinking the interface will look different....can we get a more interesting interface please??,5.0,Austin kisakye,2026-06-19 12:47:43,,2026-06-20T10:16:21.215952+00:00,"{'review_id': 'a49f1028-61cf-4824-8e5f-b22671104a98', 'thumbs_up': 0, 'app_version': '9.1.58.1567'}"
play_store,,fantabulas,5.0,raj abhi,2026-06-19 12:44:28,,2026-06-20T10:16:21.215961+00:00,"{'review_id': '48c74c08-6637-496a-81db-18d34ed3400d', 'thumbs_up': 0, 'app_version': '9.1.58.1567'}"
play_store,,I love it,5.0,Christopher Jeffery,2026-06-19 12:40:41,,2026-06-20T10:16:21.215972+00:00,"{'review_id': '9907e0f1-cee7-4a11-bb35-a7c2604df382', 'thumbs_up': 0, 'app_version': '9.1.58.1567'}"
play_store,,fair enough for the quality and content for free the only problem I have faced is I see the ad i should get the 30 mins free but that's not the case it plays another ad before my time expires apart from that does everything fine!,4.0,Mohammad Bilal,2026-06-19 12:39:40,,2026-06-20T10:16:21.215983+00:00,"{'review_id': '925f8fcb-5f9c-4be3-b170-593c193fffb8', 'thumbs_up': 1, 'app_version': '9.1.58.1567'}"
play_store,,Too much adds ! impossible to listen to more than 3 songs without having ads (often in threes) playing. Spotify isn't what it used to be,1.0,Lilia Rezgui Pierre,2026-06-19 12:39:31,,2026-06-20T10:16:21.215999+00:00,"{'review_id': '4c3098e9-d98e-481b-99bd-b781513159e4', 'thumbs_up': 0, 'app_version': '9.1.56.574'}"
play_store,,"After the latest update,MUSIC FOR YOU option is not available and the music recommendation are not matching my GENRE,Had a chat with SPOTIFY agent but not much help.Please fix this issue at the earliest...",4.0,Richi Benjamin,2026-06-19 12:37:12,,2026-06-20T10:16:21.216010+00:00,"{'review_id': '831e3db6-528b-42c0-9419-441e106515fe', 'thumbs_up': 0, 'app_version': '9.1.58.1567'}"
play_store,,very good,5.0,ARUP MALLIK,2026-06-19 12:36:24,,2026-06-20T10:16:21.216019+00:00,"{'review_id': '84438796-f637-4f34-b4bc-1b0d1437a7a7', 'thumbs_up': 0, 'app_version': '9.1.56.574'}"
play_store,,very good app bro try this,5.0,govind jha,2026-06-19 12:35:00,,2026-06-20T10:16:21.216038+00:00,"{'review_id': '40f087e3-d57c-4c0a-8bdb-2830b3374f3e', 'thumbs_up': 0, 'app_version': '9.1.58.1567'}"
play_store,,Is exactly as advertised.,5.0,Siphesihle Madinana,2026-06-19 12:23:42,,2026-06-20T10:16:21.216049+00:00,"{'review_id': '18bbbd60-ddbb-41c8-9408-1babcffed259', 'thumbs_up': 0, 'app_version': '9.1.58.1567'}"
play_store,,Spotify ads then❎ Spotify ads now✅ this is first time i like ads of Spotify🤣🤣🤣,3.0,Jagdish Pattnayak,2026-06-19 12:23:29,,2026-06-20T10:16:21.216060+00:00,"{'review_id': '3f1daf18-a568-4679-ab15-d4c1b3a85d8f', 'thumbs_up': 0, 'app_version': '9.1.58.1567'}"
play_store,,it just special for me,5.0,Ahuoyiza Zee,2026-06-19 12:23:05,,2026-06-20T10:16:21.216072+00:00,"{'review_id': '0554be29-cec1-46f7-ba6a-09061f938e99', 'thumbs_up': 0, 'app_version': '9.1.52.1394'}"
play_store,,the app logged me out and its saying my username does not exist,1.0,Avisha jasubhai,2026-06-19 12:18:17,,2026-06-20T10:16:21.216086+00:00,"{'review_id': 'b97499ca-2a5f-4cc1-9a8d-c99f085f1baa', 'thumbs_up': 0, 'app_version': '9.1.58.1567'}"
play_store,,"Spotify is extraordinary good, but with data dooh",5.0,Faruq Abubakar,2026-06-19 12:17:09,,2026-06-20T10:16:21.216097+00:00,"{'review_id': '9b28e159-8fd2-46b8-af48-ce894bb998db', 'thumbs_up': 0, 'app_version': '9.1.50.1906'}"
play_store,,I love how simple and useful this app is - highly recommended!,5.0,Faith Mutsambiwa,2026-06-19 12:15:40,,2026-06-20T10:16:21.216283+00:00,"{'review_id': '5fdd5722-c384-42d5-9d68-88d129fe1010', 'thumbs_up': 0, 'app_version': '9.1.58.1567'}"
play_store,,love it,5.0,Mbalentle Zondi,2026-06-19 12:11:33,,2026-06-20T10:16:21.216309+00:00,"{'review_id': 'd4895438-a8c3-4c7d-b564-0af108a5eaae', 'thumbs_up': 0, 'app_version': None}"
play_store,,Worthy of appreciation for your overall music coverage.,5.0,Temjen Jamir,2026-06-19 12:10:54,,2026-06-20T10:16:21.803611+00:00,"{'review_id': 'aee65b32-cb9d-4372-b122-b0cef7cd8e25', 'thumbs_up': 0, 'app_version': '9.1.56.574'}"
play_store,,it has all types of songs and cheap price for premium,5.0,Rip _fiji,2026-06-19 12:08:14,,2026-06-20T10:16:21.803629+00:00,"{'review_id': 'b254baf1-4700-4b4e-8015-d7e92a4b4b52', 'thumbs_up': 0, 'app_version': None}"
play_store,,its so good super good but to much add so good,5.0,Mobeen Khan,2026-06-19 12:07:13,,2026-06-20T10:16:21.803638+00:00,"{'review_id': '2d0b331b-1bdf-49d2-a9bd-a91b89df7518', 'thumbs_up': 0, 'app_version': '9.1.58.1567'}"
play_store,,"too many ads now, why did you remove the 30 minutes where you don't get any ads",2.0,HappyMonkey,2026-06-19 12:05:10,,2026-06-20T10:16:21.803646+00:00,"{'review_id': '4d1c90dc-97b5-442d-a980-37bc425018e9', 'thumbs_up': 0, 'app_version': '9.1.58.1567'}"
play_store,,love it! it has everything I want and more,5.0,Stephen Heron,2026-06-19 12:04:50,,2026-06-20T10:16:21.803653+00:00,"{'review_id': 'efd46d68-a65f-4b54-b0b1-3087c9f3fefa', 'thumbs_up': 0, 'app_version': '9.1.56.574'}"
play_store,,.... so so so Good,5.0,Joraram godara,2026-06-19 11:58:10,,2026-06-20T10:16:21.803660+00:00,"{'review_id': 'ccc61327-052b-4aba-9d25-736ca4b1bc31', 'thumbs_up': 0, 'app_version': None}"
play_store,,so smooth,5.0,Ebidosia Fesco,2026-06-19 11:57:07,,2026-06-20T10:16:21.803667+00:00,"{'review_id': '351bd882-1181-4c61-9909-d2fdefc5f9af', 'thumbs_up': 0, 'app_version': None}"
play_store,,bhaijaan add hata do pls 🥹🙏,5.0,Parag Masand,2026-06-19 11:57:02,,2026-06-20T10:16:21.803674+00:00,"{'review_id': 'e2e445bd-64eb-4887-b35b-8c415da01e4a', 'thumbs_up': 0, 'app_version': '9.1.52.1394'}"
play_store,,more ads then music,1.0,Naitik Panchal,2026-06-19 11:49:11,,2026-06-20T10:16:21.803682+00:00,"{'review_id': '0c1856c3-4fd6-4baa-ba4d-c5ccd5019381', 'thumbs_up': 0, 'app_version': '9.1.52.1394'}"
play_store,,it's have many adds,1.0,Sunil Kumar,2026-06-19 11:44:57,,2026-06-20T10:16:21.803691+00:00,"{'review_id': '9a7c6037-eb50-48e4-8d68-361290043a11', 'thumbs_up': 0, 'app_version': '9.0.62.622'}"
play_store,,Best Music Application,5.0,Ananjay Pratap Singh,2026-06-19 11:40:56,,2026-06-20T10:16:21.803698+00:00,"{'review_id': '5bcb3fc0-e967-4bb9-8b9e-15e9ecca5605', 'thumbs_up': 0, 'app_version': '9.0.94.274'}"
play_store,,keeps crashing on Thursdays when release radar comes out. app just closes suddenly.,2.0,Greg Woods,2026-06-19 11:34:31,,2026-06-20T10:16:21.803705+00:00,"{'review_id': '0027fd80-c288-4d6c-a4a8-986611ccdeb9', 'thumbs_up': 0, 'app_version': '9.1.58.1567'}"
play_store,,lots of ads,1.0,Ritesh Thakur,2026-06-19 11:27:41,,2026-06-20T10:16:21.803713+00:00,"{'review_id': '069ed3a8-cb2f-4c7c-ba18-21bc098af1b5', 'thumbs_up': 0, 'app_version': '9.1.56.574'}"
play_store,,peak bc idk it just has almost everysong,5.0,Money DC,2026-06-19 11:27:16,,2026-06-20T10:16:21.803719+00:00,"{'review_id': '595cecd9-e1a2-4c86-8a8d-7eaabacddff2', 'thumbs_up': 0, 'app_version': '9.1.56.574'}"
play_store,,the amount of paywalls is sickening,1.0,Isaac Swan,2026-06-19 11:25:42,,2026-06-20T10:16:21.803727+00:00,"{'review_id': '4aa821a4-1eb2-450f-b456-39e45c8c348a', 'thumbs_up': 0, 'app_version': '9.1.58.1567'}"
play_store,,"too much getting Ads, and it's a really really Irritating Ohhh look at your reply You advice free premium offer? so we can collect otherwise every single person can not afford your premium pkgs.... now you are pressuring people to take a premium, there is no option to select a song if you want to change the songs 5-6 times then forcefully they give you pressure for take a premium how they spoiled the image day by day, the Spotify down now",1.0,Heena_ Shelat,2026-06-19 11:25:38,,2026-06-20T10:16:21.803734+00:00,"{'review_id': '5736a01f-4a72-429d-b963-7fc1009ae277', 'thumbs_up': 0, 'app_version': '9.0.20.604'}"
play_store,,I couldn't live without music & Spotify makes it so simple + finds music u will like after learning what u like! A+,5.0,Justin Tharp,2026-06-19 11:24:19,,2026-06-20T10:16:21.803746+00:00,"{'review_id': '0830dfc0-af19-45ea-b122-6ac8b0ddb4ad', 'thumbs_up': 0, 'app_version': '9.1.58.1567'}"
play_store,,"Top 100% for Best Customer Service, going above and behind to satisfy their customer. making they are happy.",5.0,Jolyn Haynes,2026-06-19 11:19:58,,2026-06-20T10:16:21.803753+00:00,"{'review_id': '9d898365-38cb-4736-b564-5e74fc35ad62', 'thumbs_up': 0, 'app_version': '9.1.58.1567'}"
play_store,,Nice app for music,5.0,Ritik Raushan,2026-06-19 11:19:17,,2026-06-20T10:16:21.803760+00:00,"{'review_id': 'b446ea93-8b7d-4f9d-8f3e-d1be66b4e025', 'thumbs_up': 0, 'app_version': '9.1.58.1567'}"
play_store,,favorite 🫶🍀℘,5.0,Ajmira Sultana,2026-06-19 11:16:52,,2026-06-20T10:16:21.803767+00:00,"{'review_id': 'e76f88db-1752-45a0-9231-8b392f087b9d', 'thumbs_up': 0, 'app_version': None}"
play_store,,best experience,5.0,Kushi vishwakarma,2026-06-19 11:11:46,,2026-06-20T10:16:21.803774+00:00,"{'review_id': '2ab62bb4-8e10-4f4b-9bd6-0466eb3f3524', 'thumbs_up': 0, 'app_version': '9.1.52.1394'}"
play_store,,nice when it comes listening music,5.0,josephine hernale,2026-06-19 11:11:31,,2026-06-20T10:16:21.803782+00:00,"{'review_id': 'cd1174a1-edb0-4499-9ffc-64015d6e7621', 'thumbs_up': 0, 'app_version': '9.1.52.1394'}"
play_store,,Best app ever,5.0,Christopher Mwangi,2026-06-19 11:09:56,,2026-06-20T10:16:21.803789+00:00,"{'review_id': 'ee4917da-7291-4480-acf0-a9e6741aacbe', 'thumbs_up': 0, 'app_version': '9.1.52.1394'}"
play_store,,"Spotify is perfect when using premium, but I would still give you 4 stars without premium cause I get to listen to music for free if I want to and a broader song choices to choose from.",5.0,Liyabona Bradley Tshikini,2026-06-19 11:08:12,,2026-06-20T10:16:21.803796+00:00,"{'review_id': '3008baae-c41e-40c3-8bbc-27a506b442b0', 'thumbs_up': 0, 'app_version': '9.1.56.574'}"
play_store,,"Songs collection and sound quality is simply awesome, I need to reduce the subscription price so it can be affordable for all.",5.0,Tushar Kanta Rath,2026-06-19 11:05:00,,2026-06-20T10:16:21.803810+00:00,"{'review_id': '7e004eaa-1a6f-4e8d-b8c4-a202df706f1c', 'thumbs_up': 0, 'app_version': '9.1.58.1567'}"
play_store,,basic features are not available and need a premium so I delete this fool app and use jio savan because jio savan provide bacis features,1.0,Ayush Chauhan,2026-06-19 11:01:07,,2026-06-20T10:16:21.803818+00:00,"{'review_id': '42e734a8-b234-4d9d-a99b-9d7e92d1c471', 'thumbs_up': 0, 'app_version': '9.1.56.574'}"
play_store,,soo good,4.0,Saba Ahmed,2026-06-19 10:58:19,,2026-06-20T10:16:21.803825+00:00,"{'review_id': '4d7e5004-ef29-4cfe-888e-14174ead2b19', 'thumbs_up': 0, 'app_version': '9.1.52.1394'}"
play_store,,one ad no problem but 2 or 3 that's too much,3.0,karinganire tony,2026-06-19 10:56:27,,2026-06-20T10:16:21.803832+00:00,"{'review_id': '2c3b63aa-321a-460b-b20a-74786f790a51', 'thumbs_up': 0, 'app_version': '9.1.52.1394'}"
play_store,,Not bad.,4.0,MNR Rafy,2026-06-19 10:52:58,,2026-06-20T10:16:21.803842+00:00,"{'review_id': 'c9992ab0-d6fa-4fad-8726-2f4c5fa52f3f', 'thumbs_up': 0, 'app_version': '9.1.58.1567'}"
play_store,,good amazing beautiful,5.0,Renjin,2026-06-19 10:48:03,,2026-06-20T10:16:21.803849+00:00,"{'review_id': '5b7fc67c-ba1e-442c-a794-bffe2abb6efb', 'thumbs_up': 0, 'app_version': '9.1.52.1394'}"
play_store,,"kan inte söka på låtar, kan inte trycka på ""mer""-menyn för att köa eller sätta timer. Vad betalar jag för????????",1.0,Kami K.E,2026-06-19 10:44:50,,2026-06-20T10:16:21.803856+00:00,"{'review_id': '46f9392a-e8ab-497a-8ecc-bbde089544ce', 'thumbs_up': 1, 'app_version': '9.1.58.1567'}"
play_store,,dope,1.0,Ethan McCauley,2026-06-19 10:44:42,,2026-06-20T10:16:21.803863+00:00,"{'review_id': 'c1077453-5d7b-441d-8e23-e6de5d5dd3d8', 'thumbs_up': 0, 'app_version': '8.9.24.633'}"
play_store,,outstanding,5.0,Sweeti Vishwakarma,2026-06-19 10:37:34,,2026-06-20T10:16:21.803877+00:00,"{'review_id': '34b19a3e-e79f-4e4d-ba25-25f571d07c25', 'thumbs_up': 0, 'app_version': '9.1.56.574'}"
play_store,,I genuinely love it 🙌,5.0,Smihc Ninek,2026-06-19 10:36:00,,2026-06-20T10:16:21.803884+00:00,"{'review_id': '3e99ad48-7ea8-445b-a2a7-f0427b179407', 'thumbs_up': 0, 'app_version': '9.1.52.1394'}"
play_store,,this is good and I love it,4.0,Divyansh Yadav,2026-06-19 10:35:31,,2026-06-20T10:16:21.803891+00:00,"{'review_id': '36eb54c8-5452-4abd-a489-979d36363203', 'thumbs_up': 0, 'app_version': '9.1.58.1567'}"
play_store,,it is ruling on my liked song,4.0,Soni Kumari,2026-06-19 10:33:33,,2026-06-20T10:16:21.803897+00:00,"{'review_id': '4c4ecf21-4adc-4606-a128-fc0f4a29594e', 'thumbs_up': 0, 'app_version': '9.1.52.1394'}"
play_store,,insanely unstable recently and far too many annoying ads trying to force you into buying premium. used to be halfway decent,2.0,Lord o' Cheese,2026-06-19 10:33:13,,2026-06-20T10:16:21.803904+00:00,"{'review_id': 'dd8c7675-63d6-4ad0-ab06-10cb6c14eef5', 'thumbs_up': 0, 'app_version': None}"
play_store,,Can't even listen to songs you like anymore more than once a day just because you don't have premium,1.0,Krishna Kesarwani,2026-06-19 10:31:05,,2026-06-20T10:16:21.803911+00:00,"{'review_id': '3ce0edea-3953-4b53-a9e7-88618a5044a2', 'thumbs_up': 0, 'app_version': '9.1.0.1147'}"
play_store,,have no idea wht this is but problems i didn't download it need all of these deleted only the original app,1.0,Shanta Robinson,2026-06-19 10:29:56,,2026-06-20T10:16:21.803935+00:00,"{'review_id': '61f5d360-9df3-42c8-86de-a6b4384bc4f1', 'thumbs_up': 0, 'app_version': None}"
play_store,,Great features,5.0,Kagiso Jorosi,2026-06-19 10:28:44,,2026-06-20T10:16:21.803947+00:00,"{'review_id': '258f966e-2962-49f1-b7d4-a2898c3d22aa', 'thumbs_up': 0, 'app_version': '9.1.56.574'}"
play_store,,best.,5.0,Alberto Valle,2026-06-19 10:26:21,,2026-06-20T10:16:21.803955+00:00,"{'review_id': '495e74b3-966c-498d-9dc5-fda9df29fb0d', 'thumbs_up': 0, 'app_version': '9.1.56.574'}"
play_store,,this is good to play game with song i like it and everything have to play song i like it idk how much. time I said but I really like it,4.0,Ayan Khan,2026-06-19 10:26:14,,2026-06-20T10:16:21.803962+00:00,"{'review_id': 'ed7862e8-6bfb-49ab-95e8-9a48bbe2444d', 'thumbs_up': 0, 'app_version': '9.0.10.415'}"
play_store,,I really recommend this app to anyone I like the way a work and make me happy to have Spotify thanks and give a good use please 🙏,5.0,Roberto Naherajr,2026-06-19 10:22:37,,2026-06-20T10:16:21.803969+00:00,"{'review_id': 'ae09c47a-4612-4f65-821c-f46efcc02003', 'thumbs_up': 0, 'app_version': '9.1.56.574'}"
play_store,,good apps,5.0,Priyanka Das,2026-06-19 10:16:11,,2026-06-20T10:16:21.803984+00:00,"{'review_id': '917ac4df-19fb-4ff5-b3c4-ab3bcb3e61eb', 'thumbs_up': 0, 'app_version': '9.1.52.1394'}"
play_store,,ur new update on consoles like ps5 broke the spotify because i will play manually play the last song i have on my list and it will do the one before that idk if its the fact that the ps5 and phone updates are different because they are linked to the same account.,1.0,Esau Ramirez,2026-06-19 10:09:38,,2026-06-20T10:16:21.803991+00:00,"{'review_id': 'd73bccc3-1976-4502-bfc6-59e10809c4d0', 'thumbs_up': 0, 'app_version': '9.1.58.1567'}"
play_store,,it is very bad app kyunki ismein ab gana chalane ke liye bhi paise mang raha hai Sabse bekar app hai,1.0,AYUSH RANJAN,2026-06-19 10:08:52,,2026-06-20T10:16:21.803998+00:00,"{'review_id': 'b2e84cbe-ef8b-4214-be2b-b721919998b7', 'thumbs_up': 0, 'app_version': None}"
play_store,,Great App. No annoying adds or anything. I love how I can download songs and play them when I'm offline.,5.0,Bryson Knudson,2026-06-19 10:06:42,,2026-06-20T10:16:21.804006+00:00,"{'review_id': '2ee03908-7254-4e26-8fd3-fe13ff434cd3', 'thumbs_up': 0, 'app_version': '9.1.56.574'}"
play_store,,joss 🔥🔥👑,5.0,sumona,2026-06-19 10:01:55,,2026-06-20T10:16:21.804013+00:00,"{'review_id': 'a2e79c0d-ce6f-4fe3-a0d9-aa21dc958545', 'thumbs_up': 0, 'app_version': '9.1.56.574'}"
play_store,,i am a premium user but my friends who are not paying for the premium are not even allowed to jam together and after removal of the 5 person family plan the appeal for premium is dying fast music should be an activity to bring people together and to enjoy together not dj alone atleast basic features like queuing music and selecting what you wanna play should be free along with jamming capabilities so we could share music everyone and not just the premium buyers What a let down !!!,1.0,Rudra Shankar,2026-06-19 09:58:34,,2026-06-20T10:16:21.804020+00:00,"{'review_id': 'aa866711-e53e-4cc6-8dcf-467269917f9f', 'thumbs_up': 0, 'app_version': '9.1.58.1567'}"
play_store,,"I could you not, I get 2 minutes off of music cuz the ads. Theres like 4 ads every 2 songs. Like why would i watch ads when i could just listen to music and give this a proper 5 star rating?",2.0,Sophia Hamrah,2026-06-19 09:58:06,,2026-06-20T10:16:21.804027+00:00,"{'review_id': '9393ed71-bd99-4d53-93e6-1df52cab3160', 'thumbs_up': 0, 'app_version': None}"
play_store,,Even though I don't pay premium I enjoy using it more than I thought I would,5.0,Kabo Knowledge,2026-06-19 09:57:39,,2026-06-20T10:16:21.804035+00:00,"{'review_id': '913cd224-698a-4172-86c0-a8037f17309c', 'thumbs_up': 0, 'app_version': '9.1.56.574'}"
play_store,,when music is playing nothing there isn't a notification for it nor on my lock screen to skip,1.0,Maria Only,2026-06-19 09:54:54,,2026-06-20T10:16:21.804042+00:00,"{'review_id': 'c803005b-118d-42e6-8999-144e4667ff2c', 'thumbs_up': 0, 'app_version': None}"
play_store,,Spotify is an excellent music application with a wide collection of songs,5.0,Aidilpon Dekli,2026-06-19 09:48:59,,2026-06-20T10:16:21.804049+00:00,"{'review_id': '6eab6ff8-4368-43e3-8286-2b9378385403', 'thumbs_up': 0, 'app_version': None}"
play_store,,so bad or worst after few days it asks for premium and you can not play song of your choice even if you make playlist😠😡🤬you would face several long ads even in a 2min song,1.0,Pratima Namdeo,2026-06-19 09:46:04,,2026-06-20T10:16:21.804057+00:00,"{'review_id': 'fc3df93a-cbad-4a7a-8b90-ee9f3d5b6325', 'thumbs_up': 0, 'app_version': None}"
play_store,,can't say anything. it so good 👍,5.0,Mantun Kumar,2026-06-19 09:42:51,,2026-06-20T10:16:21.804064+00:00,"{'review_id': 'a0431a65-4cfe-45f6-934b-2f4f429f3581', 'thumbs_up': 0, 'app_version': '9.1.52.1394'}"
play_store,,I love Spotify great music still the best music app to have on ones phone,5.0,Janice franklin,2026-06-19 09:42:47,,2026-06-20T10:16:21.804071+00:00,"{'review_id': '3b091815-dd53-4d29-a028-fc1c6f96a7bb', 'thumbs_up': 1, 'app_version': '9.1.58.1567'}"
play_store,,WHERES THE CROSSFADE 😭😭😭😭😭,4.0,Tomohiro Zachary Reyes,2026-06-19 09:40:02,,2026-06-20T10:16:21.804079+00:00,"{'review_id': '9acde09f-8d22-4fa1-a8f2-79f62142caa3', 'thumbs_up': 0, 'app_version': None}"
play_store,,very reliable,5.0,Milo Wood,2026-06-19 09:36:10,,2026-06-20T10:16:21.804085+00:00,"{'review_id': 'dba17387-2066-45c1-870c-d5caa8173526', 'thumbs_up': 0, 'app_version': '9.1.56.574'}"
play_store,,Great,5.0,Elorm Brain,2026-06-19 09:33:50,,2026-06-20T10:16:21.804092+00:00,"{'review_id': '63fd3c94-e09f-408c-8218-2db648cb1c04', 'thumbs_up': 0, 'app_version': '9.1.42.2058'}"
play_store,,"Spotify used to be a very good app, but now its just rubbish",1.0,Anant,2026-06-19 09:33:20,,2026-06-20T10:16:21.804100+00:00,"{'review_id': '70d76764-2b2c-4d56-a542-34afe0ceffe1', 'thumbs_up': 0, 'app_version': '9.1.58.1567'}"
play_store,,I'm ready to vibes and nice music 🎵 thanks,5.0,Guy Goza,2026-06-19 09:30:54,,2026-06-20T10:16:21.804107+00:00,"{'review_id': 'd7cfc859-fcb3-41ce-90c9-b2c4d7576f02', 'thumbs_up': 0, 'app_version': '9.1.52.1394'}"
play_store,,this is good 👍,5.0,Thadsi Thadsigan,2026-06-19 09:26:00,,2026-06-20T10:16:21.804114+00:00,"{'review_id': '5cbc1b95-63b5-40f7-bd5c-9a405ab8c03b', 'thumbs_up': 0, 'app_version': '9.1.36.1948'}"
play_store,,"Very glitchy, disappointed Edit- I'm using it as my daily driver, but sound quality is not appealing at all. And will glad to see better equaliser implementation in this app",4.0,Dhruv Prajapati,2026-06-19 09:20:01,,2026-06-20T10:16:21.804121+00:00,"{'review_id': '4c37a7e6-cb95-4c13-a0cd-b01bf6893cd9', 'thumbs_up': 0, 'app_version': '9.1.56.574'}"
play_store,,👍,5.0,Alfin Simon,2026-06-19 09:19:42,,2026-06-20T10:16:21.804128+00:00,"{'review_id': 'c4629f49-c156-48af-9886-2a35cd41094f', 'thumbs_up': 0, 'app_version': '9.1.56.574'}"
play_store,,"It's crazy how much the app degraded. You have a limited number of skips, advertisements every few minutes and now you can't even play the song you want or your songs in an order you want without premium. Better to avoid the app and use something like amazon music before your taste profile is already set.",1.0,Ragini,2026-06-19 09:19:30,,2026-06-20T10:16:21.804135+00:00,"{'review_id': '5cc684c2-3bc2-4b74-acbd-cbdc9d17e03b', 'thumbs_up': 1, 'app_version': None}"
play_store,,keep shutting down not responding update fixed the bug issues,2.0,Winfred Moore jr,2026-06-19 09:14:08,,2026-06-20T10:16:21.804142+00:00,"{'review_id': '9c5dc5e7-c756-428b-8588-f9304767a376', 'thumbs_up': 1, 'app_version': '9.1.58.1567'}"
play_store,,"Please stop telling me to update to your new widget when it periodically goes offline and I can't even do anything to open it from your new widget. I have to go to my app and open it, then what's the point of using a widget to open up Spotify? Give me back the option to use the old widget, or fix your new one.",1.0,Nana Abc,2026-06-19 09:12:01,,2026-06-20T10:16:21.804149+00:00,"{'review_id': 'efd8c5fc-cde0-4fa0-aa88-de956f3c571d', 'thumbs_up': 0, 'app_version': None}"
play_store,,Very nice app,5.0,R A,2026-06-19 09:11:02,,2026-06-20T10:16:21.804156+00:00,"{'review_id': 'd2b8083c-af2e-4321-8e5d-b642b4597b43', 'thumbs_up': 0, 'app_version': '9.1.52.1394'}"
play_store,,if I listening Spotify music I so relaxed,5.0,ucingpeot23 Ucingpeot23,2026-06-19 09:09:19,,2026-06-20T10:16:21.804164+00:00,"{'review_id': '600a13dc-213b-44cb-9f1d-03ef1c2f8608', 'thumbs_up': 0, 'app_version': '9.1.56.574'}"
play_store,,"whether you agree or not..this is the most complete music streaming app in the world, now that they have the ""lossless"" audio quality it just can't get any better",5.0,Daniel Anibarro,2026-06-19 08:56:51,,2026-06-20T10:16:21.804170+00:00,"{'review_id': '5bfd63ab-8d42-46b3-9e86-1c14c1458d99', 'thumbs_up': 0, 'app_version': '9.1.58.1567'}"
play_store,,excellent app,5.0,Ruma Das Bhaumik,2026-06-19 08:53:46,,2026-06-20T10:16:21.804179+00:00,"{'review_id': '11aa54da-dc1d-43a6-9dc5-102dce92e2bd', 'thumbs_up': 0, 'app_version': '9.1.52.1394'}"
play_store,,Every Song Streams show will make Spotify more Powerful,5.0,Muhammad Ahmed Awan,2026-06-19 08:51:02,,2026-06-20T10:16:21.804186+00:00,"{'review_id': 'dc8e15aa-a385-4563-8004-cdd61cd10f07', 'thumbs_up': 0, 'app_version': '9.1.56.574'}"
play_store,,Thanks for making music available,5.0,Manoj Sarda,2026-06-19 08:48:54,,2026-06-20T10:16:21.804193+00:00,"{'review_id': 'b7200e7e-8b86-4481-9486-add1c3910a35', 'thumbs_up': 0, 'app_version': '9.1.56.574'}"
play_store,,it's to much ads,1.0,Aditimishra2006,2026-06-19 08:43:27,,2026-06-20T10:16:21.804201+00:00,"{'review_id': 'b73b9eff-8a9a-497f-a63b-ac09a6e4c347', 'thumbs_up': 0, 'app_version': '9.1.52.1394'}"
play_store,,stop trying to make me use the new widget! The new widget sucks.,3.0,Jason Adkins,2026-06-19 08:42:48,,2026-06-20T10:16:21.804207+00:00,"{'review_id': 'ade404c1-84f1-4ed2-839b-c3c4cb12e6c9', 'thumbs_up': 0, 'app_version': '9.1.58.1567'}"
play_store,,beautiful app 5 star ⭐👌🏻🥰,5.0,Bobby Kale,2026-06-19 08:41:23,,2026-06-20T10:16:21.804221+00:00,"{'review_id': 'f7197cb1-20e8-4aa4-acaa-7de4f9bd4dca', 'thumbs_up': 0, 'app_version': '9.1.52.1394'}"
play_store,,It is so good 💜💜💜💜💜👌🥰🫰🫰,5.0,Nabin Paul,2026-06-19 08:40:16,,2026-06-20T10:16:21.804228+00:00,"{'review_id': 'fd370983-9b3a-4983-9ffb-bee2cd7a3bd4', 'thumbs_up': 0, 'app_version': '9.1.48.1663'}"
play_store,,nice app,5.0,Anshu Sharma,2026-06-19 08:39:15,,2026-06-20T10:16:21.804234+00:00,"{'review_id': '0fa38021-bc06-4323-9950-d11aaf8da867', 'thumbs_up': 0, 'app_version': '8.6.74.1176'}"
play_store,,Wants me to get premium for everything I was listening to music and I chose a song and it said to buy premium for listen to any song anywhere remove this feature it's just gonna make more people uninstall the app,1.0,Danger Stout,2026-06-19 08:38:55,,2026-06-20T10:16:21.804241+00:00,"{'review_id': '9b70c75b-9a45-4416-affb-b3e64dd40d55', 'thumbs_up': 0, 'app_version': '9.1.58.1567'}"
play_store,,the new widget sucks. it's bigger and removed the play button for no reason.,4.0,Wade Hunt,2026-06-19 08:37:48,,2026-06-20T10:16:21.804248+00:00,"{'review_id': 'a9818e4b-c16c-44f3-a791-7a0ba45ff384', 'thumbs_up': 1, 'app_version': '9.1.58.1567'}"
play_store,,🔥😍,5.0,Paresh Mahajan,2026-06-19 08:36:24,,2026-06-20T10:16:21.804255+00:00,"{'review_id': '07fe8d43-1c28-4031-84a1-acb5f35b2799', 'thumbs_up': 0, 'app_version': '9.1.58.1567'}"
play_store,,your new widget never loads and it won't let me use the old one,3.0,William Hewitt,2026-06-19 08:33:34,,2026-06-20T10:16:21.804262+00:00,"{'review_id': 'd1fbdd4b-bca5-4a91-b69c-be4e85e6e7c6', 'thumbs_up': 0, 'app_version': '9.1.58.1567'}"
play_store,,"BRING BACK THE OLD WIDGET RAAAAAH! THE NEW ONE F SUCKS. The previous widget won me over with its simplicity. The new version adds features, but in practice it's clunky and less useful. My listening time fell from 1,300 to 600 minutes because I end up bypassing the widget entirely and going straight to the app. The biggest annoyance? The old widget constantly nags me to switch to the new one",1.0,Ricardo Jonathan Moreno Gomez,2026-06-19 08:30:10,,2026-06-20T10:16:21.804268+00:00,"{'review_id': '31dda810-797d-4731-a5ec-9ea229c29046', 'thumbs_up': 0, 'app_version': '9.1.58.1567'}"
play_store,,"so bad, to listen to a music we need to watch full 2 ads first, its super annoying. I was there to listen to music and not wasting my time on the ads, pls fix your ads problem, spoitify.",1.0,Selvi Zahir,2026-06-19 08:30:07,,2026-06-20T10:16:21.804275+00:00,"{'review_id': 'a2b0e82c-247e-4ea5-8e95-2a00310fd49c', 'thumbs_up': 0, 'app_version': None}"
play_store,,"Used to be good, I've had Premium for years. With the recent updates, the app crashes so much I can barely use it. All of my local files have disappeared completely and the music glitches often.",2.0,Sky N,2026-06-19 08:28:50,,2026-06-20T10:16:21.804283+00:00,"{'review_id': '6a37c62e-2ed8-4ca3-a767-53d80e7444cf', 'thumbs_up': 0, 'app_version': None}"
play_store,,excellent performance,5.0,anudeep sumanth,2026-06-19 08:24:29,,2026-06-20T10:16:21.804289+00:00,"{'review_id': '3867ae8a-5dcf-493f-ac23-806dd93256f4', 'thumbs_up': 0, 'app_version': '9.1.52.1394'}"
play_store,,it good app,5.0,Billy Yawn,2026-06-19 08:23:01,,2026-06-20T10:16:21.804296+00:00,"{'review_id': '6bac4799-59b8-4dde-b8d9-34a21533fce4', 'thumbs_up': 0, 'app_version': '9.1.56.574'}"
play_store,,Spotify has my music i create,5.0,Tony Tequila12Tunes,2026-06-19 08:14:34,,2026-06-20T10:16:21.804311+00:00,"{'review_id': '221554ad-6d80-424a-a3fe-784fc9bbb477', 'thumbs_up': 0, 'app_version': None}"
play_store,,this is good app,5.0,Shiva Rawat,2026-06-19 08:06:43,,2026-06-20T10:16:21.804318+00:00,"{'review_id': '2835f470-8bab-46fb-8214-15ea54a6846b', 'thumbs_up': 0, 'app_version': None}"
play_store,,"I have been using Spotify for several years now and I have come to the realization that it is another victim of shitification. It was a beloved music player once, but now all it does is lag. It is incredibly buggy and doesn't work half the time. I have to restart the app over and over and over again just to get my liked songs, the songs that are downloaded to my phone, to load. I don't understand why I have to wait for downloaded songs to load if they are on my device. Pathetic",1.0,Sherry W,2026-06-19 08:05:49,,2026-06-20T10:16:21.804325+00:00,"{'review_id': '73bd2b0d-236b-4cf8-9878-1429eaff6863', 'thumbs_up': 0, 'app_version': '9.1.56.574'}"
play_store,,a billionaire company doesn't need to be giving 4 ads every two songs,1.0,Starbust. Bun,2026-06-19 08:01:52,,2026-06-20T10:16:21.804333+00:00,"{'review_id': 'f66e8722-2137-4084-891b-56f434f71f78', 'thumbs_up': 0, 'app_version': '9.0.36.697'}"
play_store,,Love this app. So many great songs and Playlists. I love the fact that you can create your own personal radio stations based on the genre of music that you like 👍,5.0,Jamal Hurley,2026-06-19 07:59:48,,2026-06-20T10:16:21.804340+00:00,"{'review_id': '77d3ca2d-be09-49c3-b3e2-a8c0cecdca5f', 'thumbs_up': 0, 'app_version': '9.1.58.1567'}"
play_store,,the free version is horrible I am unable to pay for premium features and I have to deal with the free version you only get 6 skips an hour you can't change the queue you can't go back to a previous song! ...at least give us the ability to change the queue + go back to the song that just played at least the ads are bearable for the most part tho edit: WHAT THE HELL I FOUND OUT THAT YOU CAN'T EVEN CHANGE THE ORDER OF THINGS YOU PUT IN THE QUEUE AT LEAST LET US CHANGE THE ORDER OF WHAT WE PUT IN 🙏,2.0,Arianna Donaldson,2026-06-19 07:57:58,,2026-06-20T10:16:21.804348+00:00,"{'review_id': 'c4d9e1ea-78f5-40da-bf51-eef12f23ccd6', 'thumbs_up': 1, 'app_version': '9.1.58.1567'}"
play_store,,the best,5.0,James Long,2026-06-19 07:53:38,,2026-06-20T10:16:21.804355+00:00,"{'review_id': 'e8923b01-0470-4b7e-81d8-a3d26cb1fd05', 'thumbs_up': 0, 'app_version': '9.1.52.1394'}"
play_store,,"Spotify has increased their prices too much. Request to bring back the price. I had switched to apple music. it provides affordable listening experience. with lossless music. but the suggestions in Spotify is good that i feel like coming back, if the cost is affordable",1.0,Sugan G,2026-06-19 07:52:45,,2026-06-20T10:16:21.804362+00:00,"{'review_id': 'f1cdc8c3-40e5-4b60-8781-497aeb477d8f', 'thumbs_up': 0, 'app_version': '9.1.52.1394'}"
play_store,,"App is unusable after latest download, constantly crashing after opening the app. This happened with an update about a month ago as well, after they added time syncing lyrics. Cancelling my paid subscription if this isn't rectified soon.",3.0,Lizard Storms,2026-06-19 17:07:25,,2026-06-20T11:39:11.206801+00:00,"{'review_id': '8b487763-f181-40cd-9715-e37880b67423', 'thumbs_up': 0, 'app_version': '9.1.58.1567'}"
play_store,,my favourite app thanks you so much please give me money 🤑💰,5.0,Sarim Kro,2026-06-19 17:05:13,,2026-06-20T11:39:11.206819+00:00,"{'review_id': '6eff6e19-ae10-4fb7-806c-1db512d9940b', 'thumbs_up': 0, 'app_version': '9.1.58.1567'}"
play_store,,best music app in my life,5.0,Himanshu Kadaru,2026-06-19 17:05:07,,2026-06-20T11:39:11.206827+00:00,"{'review_id': 'bb944b2f-59df-4a1a-9ef2-58c1ea636ff9', 'thumbs_up': 0, 'app_version': '9.1.56.574'}"
play_store,,"The cruise control based on my liked songs is mad!!! It brings similar songs, beats and vibes. I can relax after my liked songs are exhausted knowing you've got my back",5.0,Chris Jo,2026-06-19 16:59:50,,2026-06-20T11:39:11.206833+00:00,"{'review_id': '47db94c8-d5c6-444a-9170-b216bd5fbfe4', 'thumbs_up': 0, 'app_version': '9.1.52.1394'}"
play_store,,I'm enjoying this app because I find it easier to use and I can find all my favourite artists here.,5.0,Luvo Ntshangase,2026-06-19 16:56:03,,2026-06-20T11:39:11.206837+00:00,"{'review_id': 'cc1994bc-887e-4316-8f0b-98735531fc5c', 'thumbs_up': 0, 'app_version': '9.1.58.1567'}"
play_store,,I love this app,5.0,Cindy Cunningham,2026-06-19 16:54:22,,2026-06-20T11:39:11.206842+00:00,"{'review_id': '598c1340-7caf-4501-8bb2-3ecaa7e35459', 'thumbs_up': 0, 'app_version': '9.1.58.1567'}"
play_store,,update: another update saying I'm offline. funnily enough I'm using the same device and connection to post this update... unbelievably bad Devs and deployment of this app. cancelled membership and asked PayPal to refund me my subscription costs yet another update that breaks anything. I'll continue to crack this absolute joke of an app until it actually works. I've rescinded my premium membership as the relentless ads make it pointless.,1.0,Paul Cridland,2026-06-19 16:54:00,,2026-06-20T11:39:11.206846+00:00,"{'review_id': '2e2480c1-7799-4a66-be67-a947a2d99680', 'thumbs_up': 11, 'app_version': '9.1.56.574'}"
play_store,,"why is it when I updated your app that everything now buffers or refuses to play or doesn't show up or starts to play then just stops I don't pay a subscription for this app for it to not work right if it keeps doing it and I can't play my music that is downloaded without it messing up and not playing I will just say F it and just sue Spotify I'm a patient person to a point.(edit: it likes to cut off when I open any other app even Spotify itself, will just bug out and close the app on me.",1.0,CrimsonDemon,2026-06-19 16:53:05,,2026-06-20T11:39:11.206851+00:00,"{'review_id': '7f5d34a4-1fb1-4765-8289-9e212fe5d864', 'thumbs_up': 1, 'app_version': '9.1.58.1567'}"
play_store,,just part of my life,5.0,Maya Gc,2026-06-19 16:53:04,,2026-06-20T11:39:11.206855+00:00,"{'review_id': '2aefca03-46f5-484b-b82a-8e598d1c2e13', 'thumbs_up': 0, 'app_version': '9.1.56.574'}"
play_store,,love,5.0,Lilly Whitehead,2026-06-19 16:49:17,,2026-06-20T11:39:11.206859+00:00,"{'review_id': '0d3feac6-1b65-4a8e-9779-252bc0a31744', 'thumbs_up': 0, 'app_version': '9.1.56.574'}"
play_store,,it is best,5.0,Bishnu maya Giri,2026-06-19 16:47:43,,2026-06-20T11:39:11.206864+00:00,"{'review_id': '0ba156cf-f784-4ae0-a16d-5b52c34c7a46', 'thumbs_up': 0, 'app_version': None}"
play_store,,"Worse over time: 1) Way more unplayable tracks now (hidden til you enable it). It's never explained why. 2) Opted-in by default to share plays with Neilson, even paid users. How do subscribers benefit from this, if at all? 3) I'm nagged to try the new widget... with a nag filling my current one. Thanks, I hate it; it doesn't work and you *broke my working one*. 4) Lossless encoding can't fix all the songs made low quality on purpose (to discourage piracy). 5) NO CHANGELOG IN PLAY 🤨",3.0,JJ Carver (JJ),2026-06-19 16:46:19,,2026-06-20T11:39:11.206869+00:00,"{'review_id': '6abc3d96-4fa0-4784-81c0-158a3b839957', 'thumbs_up': 0, 'app_version': None}"
play_store,,was okay 👌,4.0,Craig Shanom,2026-06-19 16:46:03,,2026-06-20T11:39:11.206873+00:00,"{'review_id': '64988a01-c1b6-4721-9c31-7a09d033637e', 'thumbs_up': 0, 'app_version': '9.1.52.1394'}"
play_store,,🔥,5.0,Godfrey Mlanga,2026-06-19 16:45:51,,2026-06-20T11:39:11.206879+00:00,"{'review_id': '15dc5376-315f-4790-8e95-3074b96e2d55', 'thumbs_up': 0, 'app_version': '9.1.52.1394'}"
play_store,,I'm facing something went wrong issue last one month... pls fix this asap because I'm buying your 3 months plan,1.0,HARSHAD KHALGE,2026-06-19 16:43:05,,2026-06-20T11:39:11.206885+00:00,"{'review_id': '5e8b70d6-ff5e-4736-b967-cd10ccb7b5b9', 'thumbs_up': 0, 'app_version': '9.1.58.1567'}"
play_store,,Moving away from Premium I had been a premium member for Spotify premium from last 5 years. I did like your service and the app but unfortunately I am moving on to YT music as I had switched from Premium Duo to platinum but after I tried and try to come back to Duo the app doesn't let me come back to the plan. It felt like cheating especially after being a premium member for so long. Bye bye Spotify welcome YT music.,1.0,Parvinder Singh Judge,2026-06-19 16:38:26,,2026-06-20T11:39:11.206905+00:00,"{'review_id': 'aee6fc96-a762-47c1-ad33-06972f91ff97', 'thumbs_up': 0, 'app_version': '9.1.56.574'}"
play_store,,"Ik eis dat per direct iemand mijn hele digitale leven bevriest want ik geraak op geen enkele manier nog in mijn account. Al mijn toestellen zijn vernietigd, ik heb geen enkel contact met de buitenwereld en ik heb nog 2 euro. Geen internet, geen veilige plaats en ik ben bij borre bijna in een antibiotica allergie gesneuveld",5.0,Evelien Nys,2026-06-19 16:36:25,,2026-06-20T11:39:11.206914+00:00,"{'review_id': '1b67ff47-12f4-4e2c-a562-6ab0b7e24fd0', 'thumbs_up': 0, 'app_version': '9.1.58.1567'}"
play_store,,Love it,5.0,sliptown 91,2026-06-19 16:34:45,,2026-06-20T11:39:11.206922+00:00,"{'review_id': '420e3a6c-2b16-4b0e-a711-3e2bded40698', 'thumbs_up': 0, 'app_version': '9.1.58.1567'}"
play_store,,I hate this app,1.0,Chandan Dasgupta,2026-06-19 16:34:06,,2026-06-20T11:39:11.206926+00:00,"{'review_id': 'f88ea1f4-ad0d-49c5-95c2-c2f1c6ce1f4f', 'thumbs_up': 0, 'app_version': None}"
play_store,,it forces to take subscription,2.0,sujata yadav,2026-06-19 16:32:11,,2026-06-20T11:39:11.206931+00:00,"{'review_id': '344dc229-ae48-4813-81d8-11d351acff0d', 'thumbs_up': 0, 'app_version': '9.1.58.1567'}"
play_store,,the best music app in the world 🌎 I don't know why we still need to rate Spotify there's absolutely no competitor,5.0,Praise ayomide Ogundeji,2026-06-19 16:28:03,,2026-06-20T11:39:11.206935+00:00,"{'review_id': '783f4cd2-6479-4618-b008-9a44365439da', 'thumbs_up': 0, 'app_version': None}"
play_store,,this app without subscription not play one many more disgusting,1.0,Rinarani Jena,2026-06-19 16:27:51,,2026-06-20T11:39:11.206939+00:00,"{'review_id': 'd56e07a2-225a-4f72-90bf-b85fa50c5790', 'thumbs_up': 0, 'app_version': None}"
play_store,,Awesome,5.0,lacey smith,2026-06-19 16:27:44,,2026-06-20T11:39:11.206974+00:00,"{'review_id': '6b8d88f6-14e7-4236-9cb5-a6ea8c44aa0c', 'thumbs_up': 0, 'app_version': '9.1.56.574'}"
play_store,,"I only use it to listen to podcasts. have done so for years and have had a great experience. lately, with android 17, the app stopped working. get better engineers instead of AI bloat!",5.0,Alexandru Gheorghe,2026-06-19 16:25:08,,2026-06-20T11:39:11.206978+00:00,"{'review_id': 'e65b4eea-129a-48b1-84f0-61b328960b09', 'thumbs_up': 0, 'app_version': '9.1.58.1567'}"
play_store,,perfect,5.0,Keriah Giomi,2026-06-19 16:17:30,,2026-06-20T11:39:11.206983+00:00,"{'review_id': '7b35c89f-088c-445f-9b5c-5dd93267449c', 'thumbs_up': 0, 'app_version': '9.1.56.574'}"
play_store,,peace,5.0,Kashish Jaiswal,2026-06-19 16:17:27,,2026-06-20T11:39:11.206987+00:00,"{'review_id': '46e2e73e-9192-4df6-9b4f-2fb3071542f4', 'thumbs_up': 0, 'app_version': '9.1.58.1567'}"
play_store,,Can you make something like Spotify light? I mean just music without all the random sht. It also became superslow to load since athr last few months...,2.0,Anton Vilkhov,2026-06-19 16:16:17,,2026-06-20T11:39:11.206991+00:00,"{'review_id': '74ebf539-dae2-4e7a-a4c8-24f54f5607ae', 'thumbs_up': 0, 'app_version': '9.1.56.574'}"
play_store,,Spotify is SOOO good,5.0,Lance,2026-06-19 16:11:35,,2026-06-20T11:39:11.206995+00:00,"{'review_id': '671b13d3-9305-4533-b9db-26f091110641', 'thumbs_up': 0, 'app_version': '9.1.58.1567'}"
play_store,,best ever apps,5.0,Chetana Mahajan,2026-06-19 16:08:05,,2026-06-20T11:39:11.206999+00:00,"{'review_id': '24c0a50b-d128-4ce6-88c2-b43c544d12a1', 'thumbs_up': 0, 'app_version': '9.1.56.574'}"
play_store,,yeah if you're on premium it's the best but on normal it's annoying 😑,4.0,Allen,2026-06-19 16:04:33,,2026-06-20T11:39:11.207004+00:00,"{'review_id': '09fd86c9-6871-461a-9cb0-b778ae5d6b98', 'thumbs_up': 0, 'app_version': '9.0.62.622'}"
play_store,,it is very nice,5.0,Ansh Gaud,2026-06-19 15:59:14,,2026-06-20T11:39:11.207012+00:00,"{'review_id': '3845bdb3-08e1-47fd-bb6d-729901e7d36d', 'thumbs_up': 0, 'app_version': '9.1.56.574'}"
play_store,,It's so so so good but it's too vip man like leave me alone and I just wanna listen to music in peace,5.0,Farida Assem,2026-06-19 15:58:12,,2026-06-20T11:39:11.207019+00:00,"{'review_id': 'b51692bd-e268-46ff-9667-ee9ed42796fa', 'thumbs_up': 0, 'app_version': '9.1.56.574'}"
play_store,,"Spotify has quite recently added the ability to (un)filter playlists and radios so they aren't customized. I cannot express how important this is to me, personally, as this is a really fantastic way to discover and enjoy more music.",5.0,Tyler Briggs,2026-06-19 15:57:45,,2026-06-20T11:39:11.207024+00:00,"{'review_id': '6d98d155-80d8-46f2-805a-54e93be4e582', 'thumbs_up': 0, 'app_version': '9.1.58.1567'}"
play_store,,👍👍,5.0,Mamun Borah,2026-06-19 15:54:36,,2026-06-20T11:39:11.207037+00:00,"{'review_id': '64076167-5ed0-4876-a664-9bbdd963bcd8', 'thumbs_up': 0, 'app_version': '9.1.56.574'}"
play_store,,no one star break and ads,4.0,Suran Sampang,2026-06-19 15:54:12,,2026-06-20T11:39:11.207041+00:00,"{'review_id': '1d66cf12-e87d-43f0-ac72-464a366b0749', 'thumbs_up': 0, 'app_version': '9.1.50.1906'}"
play_store,,Excellent,5.0,Shourov Reberio,2026-06-19 15:52:42,,2026-06-20T11:39:11.207045+00:00,"{'review_id': '7b93e24f-4b7f-4e05-bcea-223e63304217', 'thumbs_up': 0, 'app_version': '9.1.56.574'}"
reddit,Best Spotify feature since the Release Radar,"Was looking through the Wrapped stuff and got to Your Missed Hits. This section is fantastic for music discovery, swiping through in a TikTok-esque fashion through various genre tags. This definitely needs to be permanently implemented 

https://community.spotify.com/t5/App-Features/Implement-the-quot-In-The-Spotlight-quot-Feature/td-p/5403120

Edit: You just need to scroll to the right in your Wrapped section, currently it’s in “Your Missed Hits” and then you can scroll through that and select genre tags. You may need to update the app to see it 
https://imgur.com/a/kdmbK2L/

Edit 2: I think a lot of people are focusing on the missed hit suggestions rather than the discovery aspect. I think it’s a great idea going forward for music discovery, but they probably should’ve made a Missed Hits playlist separately.",,MRDrC,1669867241,https://reddit.com/r/spotify/comments/z9dmuh/best_spotify_feature_since_the_release_radar/,2026-06-20T10:21:10.596093+00:00,"{'subreddit': 'spotify', 'score': 280, 'num_comments': 57, 'query': 'music discovery'}"
reddit,How do you discover new music? Share your methods and experiences!,"Hey music lovers of Reddit!

As a passionate fan of music, I'm always on the hunt for new tunes and fresh artists to add to my playlists. I'm curious about how you all discover new music and what methods have been most successful for you. I'd love to foster a discussion around our music discovery experiences, as it could provide valuable insights for everyone!

1. What platforms or apps do you currently use to discover new music?
2. How important is human curation (e.g., recommendations from friends, DJs, influencers) to you compared to algorithm-generated playlists or suggestions?
3. What challenges do you face when trying to find new music that aligns with your taste? Are there any improvements you'd like to see in the current music discovery landscape?

I'm excited to hear about your experiences and learn from your perspectives on music discovery. Please feel free to share any thoughts, stories, or opinions that could contribute to this discussion. Thanks in advance, and let's talk music!",,bedroompop_,1682181134.0,https://reddit.com/r/spotify/comments/12vbarz/how_do_you_discover_new_music_share_your_methods/,2026-06-20T10:21:10.596127+00:00,"{'subreddit': 'spotify', 'score': 199, 'num_comments': 120, 'query': 'music discovery'}"
reddit,I made a Spotify tool that makes a 'Discover Daily' feed with better filters,"My friend and I got annoyed with trying to find new music on Spotify

So for class we built a program that takes a song and shortens and learns what the ""best"" 10-60 seconds are to you

It helps you find new songs, make new DJ sets, and add to your playlists, on the go

We also added filters for 5000+ genres, key, bpm, artist follower count and years published

App Store link: [https://apps.apple.com/us/app/smores-music-discovery/id1626768775](https://apps.apple.com/us/app/smores-music-discovery/id1626768775)

Would love any feedback/criticisms/feature requests, thanks :)

&amp;#x200B;

https://preview.redd.it/p2172nw6z8ya1.png?width=505&amp;format=png&amp;auto=webp&amp;v=enabled&amp;s=9d884f75b311ed5d9aee149d11c021e61a326dd3

https://preview.redd.it/g03wq399z8ya1.png?width=505&amp;format=png&amp;auto=webp&amp;v=enabled&amp;s=591f3d1156d6c216441a2fd449a232854372177e",,Famous-Tie-3780,1683394725,https://reddit.com/r/spotify/comments/139wmod/i_made_a_spotify_tool_that_makes_a_discover_daily/,2026-06-20T10:21:10.596143+00:00,"{'subreddit': 'spotify', 'score': 180, 'num_comments': 32, 'query': 'music discovery'}"
reddit,Do you use Spotify for both Music and Podcasts?,"I have been using Spotify for almost 10 years now for music and discovery. I recently started getting into a variety of podcasts and was wondering how Spotify's podcast interface and features compares to those of competitors such as Audible, Apple Podcasts, etc.

Edit: I mainly use Spotify for podcasts because of the one and only Joe Rogan and because I like having everything in one place. The only issue is that I like discovering new music but not new podcasts so I don't like when Spotify pushes tens of new podcasts onto me.",,BrownJamba30,1688915553.0,https://reddit.com/r/spotify/comments/14v10me/do_you_use_spotify_for_both_music_and_podcasts/,2026-06-20T10:21:10.596159+00:00,"{'subreddit': 'spotify', 'score': 119, 'num_comments': 104, 'query': 'music discovery'}"
reddit,Sick of playlists. I want album recommendations!,"Just as the title says, really. Don’t get me wrong, playlists are great but it seems 90% of Spotify is about playlists these days.

I want to go down the rabbit hole of artist discovery by being recommend and listening to bodies of work, not ‘the best bits’ plucked from an album by Spotify where the rest is discarded.

Maybe I’m old fashioned but listening to an album from start to finish, going on that journey and becoming familiar the tracks and how they fit together has always been one of the joys of music to me.

Anyone have any suggestions on streaming platforms that prioritise album discovery? Apple Music seems to do this better than Spotify.",,liono86,1739178875.0,https://reddit.com/r/spotify/comments/1im22us/sick_of_playlists_i_want_album_recommendations/,2026-06-20T10:21:10.596192+00:00,"{'subreddit': 'spotify', 'score': 41, 'num_comments': 59, 'query': 'music discovery'}"
reddit,What happened to Spotify DJ?,All it does is play songs I already have in my library. It used to actually be a kind of decent way to discover music but now it's just a glorified shuffle with random sponsored songs peppered in. Even the smart shuffle is better for music discovery than the DJ now.,,Gerdione,1717680277.0,https://reddit.com/r/spotify/comments/1d9i3fx/what_happened_to_spotify_dj/,2026-06-20T10:21:10.596209+00:00,"{'subreddit': 'spotify', 'score': 14, 'num_comments': 11, 'query': 'music discovery'}"
reddit,"""Artist"" called NovaX on Spotify potentially illegally posting existing music","I was listening through my discovery plasylist and got put on a song called ""Squabble Up x Espresso"" with weirdly distorted voices — by the artist called NovaX who has over a million followers.

This didn't seem like an official remix especially with the bio of the artist sounding oddly aware of the idea that people would question the legality. I went on reddit and saw another user replying to this post  https://www.reddit.com/r/geometrydash/s/i5rrfmrman — this individual says their music was ripped from them and posted illegaly on spotify under the artist NovaX.

I have gone through several of these other songs and they all seem like remixes ripped directly off of YouTube channels. Is my observation that this is a fraud correct and if so, what can be done about it?",,Sad-Neighborhood8059,1747610376,https://reddit.com/r/spotify/comments/1kpxd0o/artist_called_novax_on_spotify_potentially/,2026-06-20T10:21:10.596237+00:00,"{'subreddit': 'spotify', 'score': 12, 'num_comments': 14, 'query': 'music discovery'}"
reddit,Why Spotify’s Algorithm Fails Users Looking for Fresh and Relevant Music,"Spotify's algorithm often feels like it prioritizes convenience over meaningful recommendations, creating a frustrating experience for users who genuinely want to discover new music. One glaring issue is its tendency to loop the same tracks repeatedly. No matter what playlist or song radio I start with, it seems like Spotify has a small, overly familiar pool of ""safe"" recommendations it keeps recycling. This creates an echo chamber of sorts, where exploration feels stifled, and the excitement of discovering fresh music fades quickly.



Even worse, the algorithm often misses the mark in terms of contextual relevance. For example, if I start with a mellow, atmospheric track, I’d expect Spotify to follow up with something that matches the mood or expands on the same sonic themes. Instead, it will sometimes veer off into a completely different genre or mood, disrupting the listening experience. At other times, it aggressively pushes certain popular tracks that don't align with the vibe of the original song I was listening to, as if it's trying to cater to some generic idea of my taste rather than understanding the nuances of the moment.



Another major frustration is how the algorithm struggles to balance user habits and preferences. Just because I listened to a specific genre or artist a few times doesn’t mean I want my entire feed dominated by it. Yet, Spotify seems to latch onto those patterns obsessively, flooding my recommendations with songs that feel increasingly redundant. The lack of dynamic adjustment in its approach makes it feel like the algorithm is stuck in the past, unable to evolve with my shifting preferences.



Discover Weekly and Release Radar, two features touted as innovative tools for discovery, often fall flat for similar reasons. Rather than surfacing genuinely new or adventurous music, they frequently include songs I’ve already heard or artists I’m not interested in. It feels like Spotify prioritizes filling up a playlist quickly over carefully curating something that challenges and delights the listener.



Overall, Spotify’s algorithm feels more like a blunt tool than a finely tuned instrument. Instead of fostering exploration and providing a unique listening journey, it often leaves me bored and disillusioned. For a platform that boasts about connecting users to the world of music, it’s disappointing to see how frequently it limits itself—and its users—to the same predictable patterns.",,georgianboss7,1736363153,https://reddit.com/r/spotify/comments/1hws2fo/why_spotifys_algorithm_fails_users_looking_for/,2026-06-20T10:21:10.596267+00:00,"{'subreddit': 'spotify', 'score': 12, 'num_comments': 2, 'query': 'music discovery'}"
reddit,Need some new playlists / recommendations for shoegaze music,"I've recently been obsessed with the shoegaze genre of music, but I've exhausted all the playlists I'm currently listening to for new songs. Would love any fellow fans of the genre to drop a link to their playlists below or suggest some good songs/artists.

Edit: Thanks for all the comments guys! I will be going through them at my own pace. Plenty of options for new discoveries so thanks for all the contributions!",,Isaac_paech,1744732669.0,https://reddit.com/r/spotify/comments/1jzvhtj/need_some_new_playlists_recommendations_for/,2026-06-20T10:21:10.596276+00:00,"{'subreddit': 'spotify', 'score': 12, 'num_comments': 33, 'query': 'music discovery'}"
reddit,Music recs,"In kind of a music discovery slump rn, taking music recs from anyone who wants to send em my way. I like most major genres, but I guess the ""big"" ones i'm into are r&amp;b, hip-hop/alt-rap, indie rock, indie pop, &amp; soundtracks/scores. Will link my spotify to give u a better idea of what I like if ur still unsure. Thanks in advance!

[Spotify](https://open.spotify.com/user/fdkrwv5foqnxv7bn1921bblnw)  


Edit: Thanks to everyone who provided links! They weren't showing up for the first few days (I assume it's a r/spotify auto-mod thing) but I can see them now",,Ricora,1675481749,https://reddit.com/r/spotify/comments/10t3y92/music_recs/,2026-06-20T10:21:10.596285+00:00,"{'subreddit': 'spotify', 'score': 7, 'num_comments': 24, 'query': 'music discovery'}"
reddit,Music Discovery Newsletter?,"I’m starting a little music discovery newsletter. 

I’ve always loved sharing music — I don’t really know where this will go, but each email will have three amazing songs across ALL genres and will also include: 

* A music-related video I’ve been inspired by
* A quote I can’t stop thinking about
* A photograph from music history I think deserves to be remembered

Over time, I’ll be inviting curators I respect — DJs, music supervisors, radio hosts, tastemakers, artists — to share what they’re loving too. 

If you’re into that kind of thing, I’d be honored if you signed up.

[https://mindie.beehiiv.com/subscribe](https://mindie.beehiiv.com/subscribe)",,bedroompop_,1746898492,https://reddit.com/r/spotify/comments/1kjfp9c/music_discovery_newsletter/,2026-06-20T10:21:10.596299+00:00,"{'subreddit': 'spotify', 'score': 4, 'num_comments': 7, 'query': 'music discovery'}"
reddit,Spotify is the best music discovery tool that can't be used to discover new music.,"Huge database of user-made playlists together with the Discover Weekly algorithm makes Spotify the best music discovery tool that ever existed. 

The problem is I'm scared to actually discover new artists and listen to music I don't know, because it might screw my taste profile forever, and I will have to go through the super painful process of closing and re-opening my account (again). 

Neither private session nor the minus button in Discover playlists helps to fix the problem, in my experience. 

I'm not an IT expert but if the minus button erased the part of user's history that made the algorithm recommend that particular song, that would fix the problem I think",,BestOrNothing,1692438743.0,https://reddit.com/r/spotify/comments/15vbygd/spotify_is_the_best_music_discovery_tool_that/,2026-06-20T10:21:10.596310+00:00,"{'subreddit': 'spotify', 'score': 4, 'num_comments': 22, 'query': 'music discovery'}"
reddit,No more smart shuffle?,"I understand this feature was unpopular, however I loved it for music discovery. I see now that I don't have it anymore. Was it removed?",,goodsunsets,1733870726.0,https://reddit.com/r/spotify/comments/1hbektz/no_more_smart_shuffle/,2026-06-20T10:21:10.596325+00:00,"{'subreddit': 'spotify', 'score': 3, 'num_comments': 4, 'query': 'music discovery'}"
reddit,Spotify targeting kids with gross video content,"TLDR: This is partly rant, partly PSA. Check your kids spotify history because the app is pushing incredibly inappropriate video content specifically to kids that isn't stopped by the explicit content filters. 

I know that the video content on spotify has been around for years. It started as thumbnails, then ""video podcasts"" then straight up tik-tok compilations and reaction videos. I always ignored it and my algorithm only rarely pushed that shit on me, so I didn't think much about it. But Spotify has always been one of the few unregulated apps for my kids, because if they want to listen to music, they shouldn't need me to constantly add time. And I have always been involved in their music taste: we have shared Playlist and I can see everything they listen to. Given their ages, I have explicit controls enabled, just so they don't stumble into some of the more intense stuff that's out there. I'm not overly protective, and let my kids listen to explicit stuff with me if there's some cultural meaning (eg, RATM), but I also know there's some stuff out there that I found as a kid that was confusing and disturbing. I just want them to be able to be kids as long as possible. 

Recently my daughter has been acting strange, her behavior very reminiscent of someone with dopamine withdrawl. So I checked her screen time, curious if she'd found some way around the controls, and found nothing out of the ordinary... until I clicked into her spotify and realized that she hasn't actually listened to music in weeks, despite hours a day of spotify use. Her recent history was filled with ""video blogs"" of the worst brainrot sort. She's not a devious kid at all, but it  became a backdoor for her to stumble into completely unregulated, unsupervised content with some of the most vile shit I've ever seen. We talked about it and sorted out the issue between us, including some detox time, and she's already back to her old self, but you know what's maddening? There's no way to disable or control access to this stuff, even as the account admin.

What's even worse, and ultimately led to me canceling spotify after years: this content is targeted towards children. I accidentally did an experiment because I couldn't get my daughter's account to stop pushing this stuff. I made a new child account with the explicit control turned on, and started adding her playlists onto the account and immediately noticed the content being recommended, even to the point where the interface looked completely different than what I'm used to. I started going through saying ""not interested"" but it kept coming. I clicked on one of the videos that seemed innocuous and it was just horny tik-toks with some asshat in the foreground commentating. And the ""next up"" video was titled, ""Grandma F&KS teen and gets pregnant!!!!"". And spotify considers that completely ok for a kid's account. So I made another profile but this time as an adult, without the explicit control, added all the same playlists, the same as before, and you know what never showed up? Recommendtions for those videos. In fact, I literally can't even find them unless I log into one of the kids' accounts. 

Spotify used to be a relatively safe place for kids to have some freedom, explore the world of music, maybe find some mildly questionable stuff, but generally just experience the joy of music discovery. Now it's ruined, I guess because they wanted to be more like the platforms I avoid life the plague. This is vile, and if I lived in Europe would probably be lawsuit worthy, unfortunately, the US doesn't actually care about protecting kids very much. 

Be aware. I guess I'm going back to physical media, because I can't support another tech company trying to rewire me and my kids' brains. It sucks and they should be ashamed.",,The--scientist,1746845605,https://reddit.com/r/spotify/comments/1kj09o1/spotify_targeting_kids_with_gross_video_content/,2026-06-20T10:21:10.596353+00:00,"{'subreddit': 'spotify', 'score': 1, 'num_comments': 1, 'query': 'music discovery'}"
reddit,My Spotify was hacked?,"So someone tell me what’s going on haha

I’ve been using my Spotify for about 13 years. 
Someone somehow hacked onto my account, upgraded my individual plan to a family plan, added 4 random accounts (with shit music taste lmao sucks too because it fucked with my algorithm for daily new tracks, playlists and discoveries). I changed my password, took my card info out, deleted the users… but why??? How??? But really why? Haha",,GlassofAppleJews92,1744556901.0,https://reddit.com/r/spotify/comments/1jy9sde/my_spotify_was_hacked/,2026-06-20T10:21:10.596376+00:00,"{'subreddit': 'spotify', 'score': 1, 'num_comments': 0, 'query': 'music discovery'}"
reddit,"If you want to find amazing new music, here is how I do that on Spotify everyday.","I want to contribute something to all of you and the community.

I have been having the most AMAZING experience on Spotify for over a year, where it **constantly** recommends me mind-blowingly good new music! BUT it sounds like many of you are not having the same experience.  So I want to explain what I am doing, and maybe you can try it and see if you get the same awesome result I do.

I DO THIS:   
Make a playlist with 3 songs you like, ideally 3 different songs (different decades/genres). For example I just put in:

* ""Nightcall"" by Kavinsky, 
* ""Addicted to Love"" by Robert Palmer
* ""Encome Part II"" by Daft Punk. 

Then I let it play past the last song. Then Spotify always gives me AMAZING recommendations. I just did this and got

* ""Hot Blooded"" by New Constellations 
* ""Gameofluck"" by Parcels.
* ""The Trip"" by Still Corners

Each of these songs just blew my mind. Wowoww ""The Trip"" is good! The heck? how do I not know that song already? They are exactly the kind of songs I love, have never heard, and want to hear again. EDIT: I am 6 songs deep now, and every song has been incredible. I will probably let this play on for hours.

I ALSO DO THIS:  
I added all 3 of these new songs I discovered to a different playlist named ""2025.03\_March"" for repeat listening later. I make a different playlist like this every month. I keep all the 2025 Playlists in a folder name 2025. I can always go back to the old months or years and hear what I liked then, or copy songs into the next month. In any given season I usually put my fav favorites in a special playlist maybe called ""favorite songs of the year"" and those are the true gems that I still love years later.

DON'T DOs:  
(1) I never look at the stupid ""Recommendations"" section in my playlists underneath the songs I like. That suggests the stupidest things (GAH it is so dumb) basic stuff like ""Shout"" by Tears for Fears or ""Tainted Love"". Getouttahere with that malarkey. Useless beyond belief.  
(2) I never &lt;3 Like songs, nor listen to my Liked songs. That path leads to burnout. It only plays songs you already know until you never want to hear them again, and there is no discovery at all. Booooooo.

  
If this helps any of you, then Huzzah!   
There is SO MUCH AMAZING MUSIC   
to discover every day!   
**I feel like I am in Heaven.**  
I hope you get to feel it too.  
\-Mahdroo 3/29/2025",,mahdroo,1743007667.0,https://reddit.com/r/spotify/comments/1jkgdqa/if_you_want_to_find_amazing_new_music_here_is_how/,2026-06-20T10:21:10.596399+00:00,"{'subreddit': 'spotify', 'score': 1, 'num_comments': 0, 'query': 'music discovery'}"
reddit,Weekly Discovery Survey,"Hi everyone! Users of Spotify's weekly discovery funcition, can you help out my friend with doing her survey for her tesis?

Hi!

My name is Fanni Sinkovics and I am doing my Master's degree at the MSc Marketing program of Corvinus University of Budapest.

In the following questionnaire, I am researching the impact of Spotify's Discover Weekly feature on users' music discovery experience.

You can complete the questionnaire if you have minimal knowledge of the Discover Weekly playlist.

By completing this questionnaire, you will support the success of my thesis and my degree.

Thank you in advance!

https://corvinus.eu.qualtrics.com/jfe/form/SV_bpb9z1MZHWwwYqW",,Luchay,1740655026.0,https://reddit.com/r/spotify/comments/1izdg4c/weekly_discovery_survey/,2026-06-20T10:21:10.596417+00:00,"{'subreddit': 'spotify', 'score': 1, 'num_comments': 0, 'query': 'music discovery'}"
reddit,How to opt out of Spotify AI generated artists,Hi. How can one opt out of those AI generated artists and music on Spotify? Why are they being forced down my throat every week's Discovery Weekly?,,tiredsh0e,1739195453,https://reddit.com/r/spotify/comments/1im6jar/how_to_opt_out_of_spotify_ai_generated_artists/,2026-06-20T10:21:10.596430+00:00,"{'subreddit': 'spotify', 'score': 1, 'num_comments': 1, 'query': 'music discovery'}"
reddit,Albums not available offline,"Hi, I've been having this issue for months now. I download my music to listen it offline, and there are few albums that can't be reproduced in that way. I'm not consuming data or connected to wifi and go to my downloads, and for example can't listen to daft punk discovery, or the doors la woman. It's just a few specific ones, but every other downloads play normally. Anyone have experienced this? Pls help and ty",,Osiuco,1733488843.0,https://reddit.com/r/spotify/comments/1h80gh2/albums_not_available_offline/,2026-06-20T10:21:10.596447+00:00,"{'subreddit': 'spotify', 'score': 1, 'num_comments': 0, 'query': 'music discovery'}"
reddit,Recommended AI-Songs are slowly driving me paranoid and question my Spotify usage,"In recent weeks/months I have noticed a worrying trend: I cannot enjoy exploring songs on spotify anymore!  
I used to love spotify over buying most music, specificially due to the discovery of new fun songs/artists that I would otherwise not find. The discovery is pretty good imo and I could always listen to personalized playlists like ""Release Radar"" and similar ones without worry, liking songs I really like and eventually putting them into private playlists.

In some discord servers, I had people quickly create songs using services like Udio. I find this really neat. However this created a huge paranoia in listening to new songs. The voices now often are strikingly similar to those generated by Udio and similar.

I don't personally mind listening to AI generated songs. However I don't like, **not being able to know whether it's AI generated**.

I also don't mind if an artist makes a song and uses certain AI tools to improve or streamline their process (e.g. AI generated instruments or even voices if the song does not focus on vocals too much).  
However what I don't like is listening to songs, where the Lyrics were generated by AI, the Vocals **and** (nearly) all instruments / the entire song is generated by it as well. It removed all meaning a human would have put into creating a song. The best you can credit them is going for a certain theme at that point and maybe ""steering"" / ""prompting"" or ""finetuning"" the AI(s) they're using. If they do that I wanna know that.  
My main worry here is, that I don't experience human creations anymore, but someone just trying to generate as much content as possible, just to min-max making money by publishing songs. There is no soul in it at that point imo.

This seems to be the start (or rearing) of the [Dead Internet Theory](https://en.wikipedia.org/wiki/Dead_Internet_theory) extending to music. I have been using Spotify for very long and would count myself as a very loyal and happy customer. I never questioned my subscription for now probably around 10 years.

As said, it's not that I dislike people making songs or the songs themselves. There are perfectly viable reasons to make that and the songs very often are actually sounding pretty good. I just don't believe that I should have to worry about listing to Bot-Output obliviously on Spotify.

**Concrete example:**

I recently had the song [Welcome To Tortuga!](https://open.spotify.com/track/7dduK9P56RE4GUnQd7UQCn?si=1a09019843e744bf) from [Peacock the Bard](https://open.spotify.com/artist/1hfMDOTZoFlTX158Rbr5Wc?si=4IL3mcjFT6G6TgRPWaIP9Q) in my ""Release Radar"". I quite enjoy the song. However I had this weird paranoia if it's AI or not. And not being able to find out anything on the Artists page didn't help. Now I searched the song on YouTube and found their [corresponding Video the Song](https://www.youtube.com/watch?v=xfty110Yigw). This is obviously an AI generated Video, with very obvious AI -Typical artifacts which is played normally and in reverse in an endless loop. The artist also doesn't state there anywhere that their Songs are AI generated an I didn't find any comments even mentioning it. This artist is likely deleting all such comments.

Their ""About"" / ""Bio"" seems also very likely AI generated.

But now having to either find a Video or to start checking in general, if I'm listening to **auto generated content where the only human is only doing verification / revision and publishing** worries me and makes me question the convenience of Spotify.

I have to assume, that for every song that I notice, there are many more that I didn't. Similar to text generation it seems that music generation is pretty good currently. This is both impressive and frighening at once. The one thing I could always enjoy, music, seems to start to ""enshittify"" (I hate this term too).

I tried to Report this artist, only to notice that you can't even provide a reason or report their music. Only other things.

I heard that Spotify seems to take this seriously by removing significant amounts of songs that are AI generated. However that only furthers my paranoia, as this filters the obvious songs and only leaves the better ones that are harder to detect. And there seems to be no way to point out such songs to Spotify.

I think AI generated songs should be allowed, but then have people mark them as such and allow people to filter AI songs in certain places. Basically treat them like a subgenre to every existing one.
Sometimes I wanna listen to these even, just not always. And unlike music genres, I can't reliably filter for/agains these songs. It is basically a type of music that forced itself upon me.

At this point I need to seriously start to consider:
 - Whether to only ever to go by known artist. I will have a way harder time finding new (real) artists, which was what I valued most about Spotify.
 - If I'm going to listen to specfic things anyway and thus try to migrate from music streaming services alltogether
 - Go a middleground by using my existing Youtube Premium/Music subscription instead of spotify, since discovery of AI generated songs seems easier and YT in general can be very good at discovering new songs, too.

---

Sorry for this long wall of text. I don't wanna call this a rant. And I don't wanny be like ""Spotify is \*\*\*\*"", ""AI is \*\*\*\*"" or similar. I love Spotify and also do love AI often. It's just that I fear, that the current AI Songs + Spotify removing obvious ones, will lead to me becoming oblivious to what is and what isn't ""real"", just like many parts of the Internet already sadly are (becoming).

It would be huge, If spotify, instead of removing AI generated songs, would force labels on them. Not sure how that would go. But I would definetly love to see something as simple as a ""AI"" badge, or ""Fully AI generated Lyrics"", ""Fully AI generated vocals"" and ""Fullly AI generated instrumentals"" being easy to see.

Could even be Dark Patterns, so that the average customer will not even see these and only people that care could seek out / enable this information. That way Spotify could still benefit from it, while ensuring that their platform maintains a certain treshold of quality.",,LinusCDE98,1733148108.0,https://reddit.com/r/spotify/comments/1h4vm99/recommended_aisongs_are_slowly_driving_me/,2026-06-20T10:21:10.596477+00:00,"{'subreddit': 'spotify', 'score': 1, 'num_comments': 0, 'query': 'music discovery'}"
reddit,Switching Back to Spotify from YouTube Music - A Disappointing Experience,"Hey everyone,

last 8 months I had switched to YouTube Music from Spotify, hoping to discover new music. Unfortunately, I’ve been really disappointed with the recommendation algorithm.

1. **Inaccurate Suggestions**: The songs and artists suggested to me often feel completely off-base. It seems like the algorithm doesn’t understand my music preferences at all, which leads to a lot of skipping tracks.
2. **Lack of Discovery**: With Spotify, I used to find new music that perfectly matched my taste. Now, I’m struggling to find anything new that I genuinely enjoy. The recommendations feel random and not tailored to what I like.

Has anyone else experienced this? I’m curious if others have found similar issues with YouTube Music’s recommendations.",,imhere4you1,1730222910.0,https://reddit.com/r/spotify/comments/1gf091f/switching_back_to_spotify_from_youtube_music_a/,2026-06-20T10:21:10.596515+00:00,"{'subreddit': 'spotify', 'score': 1, 'num_comments': 0, 'query': 'music discovery'}"
reddit,"Smart Shuffle - Unecessary feature, Bugged feature, or Forced feature?","Over the last year I have experienced Spotify's Smart Shuffle feature in a variety of ways that have lead me to a confusing end. I get the ""idea"" of the feature. It's quite simple: they (Spotify algorithm) find similar artists and songs that match with artists and songs in playlists made by the end user (us) and inject them into the shuffle.

The problems or I guess miscommunications from Spotify are this:

1) These features already exist: the ""daylist"", discover weekly, and/or ""Fans also like"" and ""Appears on"" in Artist pages

2) With the previous point being true, this feature only exists to usurp user choice and inject algorithmic decisions from said features into ""user curated"" playlists, which in invalidates the nature of ""curating"" a playlist in the first place

3) While creative and having great potential for system-algorithmic discovery, the implementation is incredibly un-intuitive for end users. Clicking the same button to engage ""No Shuffle"", ""Normal Shuffle"", and ""Smart Shuffle"", combines two different binary configurations into a mutli-option user input, which creates a lot of unnecessary complexity

To discuss the main issue I have had recently with this feature, I will focus on issue #3. Getting ready to drive for about an hour, I load up Spotify and engage in the following steps:

1. Open Spotify, navigate to my playlist.
2. Playlist is on ""No Shuffle""
3. Click ""Shuffle"" button (note: icon shows normal un-selected ""Shuffle"" button)
4. ""Smart Shuffle"" is selected and ""Smart Shuffle"" songs are added to my playlist (btw this is a bit of a side gripe about the features ""Offline mode"" and ""Offline access"" being introduced, likely to allow for this type of ""mishandling"" of config. New songs are ""added"" on my playlist, while I'm on mobile data with ""download over cellular"" being disabled. Interesting no?)
5. Click ""Shuffle"" button again (appearing as ""Smart Shuffle"" button icon)
6. The pop up message appears ""Smart Shuffle songs will be removed from queue"" (paraphrasing) and the normal ""Shuffle"" button appears highlighted
7. After three-four songs, a ""Smart Shuffle"" song is played and the entire ""Shuffle"" mode switches back to ""Smart Shuffle"", re-queuing all ""Smart Shuffle"" songs 

This repeated up to 3 times before I just left it, and manually removed all ""Smart Shuffle"" songs for my journey. 

I get the machinations of a company can be entirely unknown or mis-represented to both employees and end users (as someone who works for a software company), but this feature, as described and experienced, seems wildly unpredictable at best and oddly malicious at worst. Potentially laying the ground work for some other rumors populated recently about the introduction AI artists and music, and all that getting that wrapped up into the above ""Smart Shuffle"" and intrusion on user generated playlists.

It all just seems: Low tier, confusing. High tier, suspicious.

All that being said, what're your experiences with the same features? Have you seen anything similar? Do you enjoy this feature? Any criticism of my opinions I'd love to hear.",,SadBeardThePirate,1725332046.0,https://reddit.com/r/spotify/comments/1f7pgqc/smart_shuffle_unecessary_feature_bugged_feature/,2026-06-20T10:21:10.596546+00:00,"{'subreddit': 'spotify', 'score': 1, 'num_comments': 0, 'query': 'music discovery'}"
reddit,How can I find new music on Spotify?,"I am a person who likes different songs, I like to listen to everything, I like to listen to new artists, or great songs that are not so well known, but Spotify always plays me the same songs.

I have already used all the tools that Spotify offers, from the weekly discovery, to the AI DJ, to the random music recommendations, but I still haven't been able to find new songs that catch my attention.

It would be great if you could tell me your suggestions for trying to find new music, also if you can share your playlists or artist recommendations with me, I promise to listen to everyone.

Thanks!",,Discopi8,1722308532.0,https://reddit.com/r/spotify/comments/1efiuwx/how_can_i_find_new_music_on_spotify/,2026-06-20T10:21:10.596563+00:00,"{'subreddit': 'spotify', 'score': 1, 'num_comments': 0, 'query': 'music discovery'}"
reddit,Online Music Discovery/Promotion App using Spotify Api. Collecting thoughts.,Online Music Discovery/Promotion App using Spotify Api. Collecting thoughts.,,Snoo-34095,1720479568.0,https://reddit.com/r/spotify/comments/1dymvk9/online_music_discoverypromotion_app_using_spotify/,2026-06-20T10:21:10.596577+00:00,"{'subreddit': 'spotify', 'score': 1, 'num_comments': 1, 'query': 'music discovery'}"
reddit,What are your favorite songs right now?,"In a bit of a music discovery slump rn, I just wanna hear what all of your current faves are! Please put me onto something new! Will also link my profile below for people who want to see my own faves

[my profile](https://open.spotify.com/user/fdkrwv5foqnxv7bn1921bblnw)",,Ricora,1718998380.0,https://reddit.com/r/spotify/comments/1dlcien/what_are_your_favorite_songs_right_now/,2026-06-20T10:21:10.596593+00:00,"{'subreddit': 'spotify', 'score': 1, 'num_comments': 0, 'query': 'music discovery'}"
reddit,Songs with Cinematic/Dramatic vibes that take you to another world?,"I'd love to know your recommendations guys,also its not about it being any long song or instrumental at all its about an absolute banger start to finish and even better when its short but strong enough to have such a beautiful hooking effect.",,Usernamefut,1747317536,https://reddit.com/r/spotify/comments/1kn8wno/songs_with_cinematicdramatic_vibes_that_take_you/,2026-06-20T10:21:16.807481+00:00,"{'subreddit': 'spotify', 'score': 33, 'num_comments': 67, 'query': 'recommendations'}"
reddit,Need sad alt-rock/metal/grunge songs.,"I’ve been a bit down in the dumps recently and I thought, *if I’m gonna be sad, I’m gonna have some damn good music to listen to.* 

Its songs like these I’m looking for:

Pearl Jam: *Black, Yellow Ledbetter*

Metallica: *Nothing Else Matters, Mama Said, Welcome Home (Sanitarium)*

Alice In Chains: *Nutshell, Down in a Hole*

Any recommendations are greatly appreciated. 

Side note: I enjoy big band jazz numbers, music like Claude Thornhill’s *Snowfall* would also be appreciated.",,Doc_Helldiver-66,1746849221,https://reddit.com/r/spotify/comments/1kj1bk6/need_sad_altrockmetalgrunge_songs/,2026-06-20T10:21:16.807520+00:00,"{'subreddit': 'spotify', 'score': 23, 'num_comments': 76, 'query': 'recommendations'}"
reddit,Songs for looking out the window,"This is super weird but I love just looking out my window at the world and hearing beautiful music play, if u have any recommendations please say !!!!",,gojoistheman,1743884667.0,https://reddit.com/r/spotify/comments/1jscqgz/songs_for_looking_out_the_window/,2026-06-20T10:21:16.807531+00:00,"{'subreddit': 'spotify', 'score': 13, 'num_comments': 40, 'query': 'recommendations'}"
reddit,Genre-fluid recommendations,"I’m mainly a metalhead but lately I’ve been listening to Sleep Token and have come to appreciate how they can switch up genres really quickly. It hits my brain just right. Any other recommendations that I should listen to? Something that goes through multiple genres or even just a story portrayed through the music. 

I’m looking for life-changing music, lol. Like the kind that changes your perception on music entirely.",,ravynish,1745957992.0,https://reddit.com/r/spotify/comments/1kaxuri/genrefluid_recommendations/,2026-06-20T10:21:16.807545+00:00,"{'subreddit': 'spotify', 'score': 9, 'num_comments': 22, 'query': 'recommendations'}"
reddit,Song Recommendations Wanted: Love Songs About Uncertainty and Mixed Signals,"I'm looking for some songs with lyrics that capture that feeling of uncertainty and hope. Something about:

Mixed signals
Not knowing where you stand
Nervous energy around a potential connection
Wondering if they like you but not being sure
Random acts like them staring at you or giving you attention without saying much

Any genre works – just looking for something that fits the lyrical vibe. Appreciate any suggestions!",,Rocky_isback,1746901716,https://reddit.com/r/spotify/comments/1kjgx14/song_recommendations_wanted_love_songs_about/,2026-06-20T10:21:16.807559+00:00,"{'subreddit': 'spotify', 'score': 8, 'num_comments': 18, 'query': 'recommendations'}"
reddit,Is there a way to stop mid-playlist song recommendations?,"I'm enjoying tunes I'm familiar with and all of a sudden a song I definitely know I didn't add is playing. Why? Does Spotify get their kicks by annoying users like this?

I didn't ask for some unrelated songs when I selected my playlist. I don't want to listen to what they recommend from their trash selections. Fuck off, Spotify, respectfully. I'm so incredibly tired of it.",,blindwanderer25,1747632997,https://reddit.com/r/spotify/comments/1kq44ax/is_there_a_way_to_stop_midplaylist_song/,2026-06-20T10:21:16.807567+00:00,"{'subreddit': 'spotify', 'score': 7, 'num_comments': 14, 'query': 'recommendations'}"
reddit,Recommend Songs for My Playlists While Finding a Song for Yourself!,"Hey everyone! Feel free to dive into my playlists and discover new music while helping me expand my music library. I'm looking for fresh recommendations based on one of my public playlists, mainly Hall of Eternal Echoes (my all-time favourites), Current favourites (Songs that I am not tired of listening atm), or any of my other public playlists.

Check them out and drop a song, album, artist, or even a whole vibe you think would fit perfectly. If you enjoy my playlists, feel free to follow me or save them to your library. Your suggestions are what keep this journey exciting!

P.S. No self-promotion or bot spam. I’m here for genuine music magic only.

[https://open.spotify.com/user/t1d04rgi8f2fh5iu2jb9kau3t?si=398e876de50a4586](https://open.spotify.com/user/t1d04rgi8f2fh5iu2jb9kau3t?si=398e876de50a4586)",,rammer_l,1747596772,https://reddit.com/r/spotify/comments/1kpsbcc/recommend_songs_for_my_playlists_while_finding_a/,2026-06-20T10:21:16.807583+00:00,"{'subreddit': 'spotify', 'score': 5, 'num_comments': 7, 'query': 'recommendations'}"
reddit,If you like A Artist (popular) you’ll like B Artist (underrated) Recommendations?,"I would like to listen to some new music!! Drop your recommendations based on popular artists that have the same/similar vibe/sound to underrated artists!!! It can be any genre! 

Here’s some recs from me!

If you like Kehlani you’ll like Samaria

If you like Thuy you’ll like Lolo Zouaï

If you like Brent Faiyaz you’ll like Josh Levi

If you like Summer Walker you’ll like Jayla Darden

If you like PARTYNEXTDOOR you’ll like Nobu Woods 

If you like Chase Atlantic or Chris Grey you’ll like Reed Wonder and Aurora Olivas (they make music together frequently and they sound amazing)

If you like Chase Atlantic you MIGHT like Odetari (his music is a hit or miss with different people) 

If you like Odetari you’ll like Kanii

If you like Childish Gambino you might like Kanii (heavy on the might part)

If you like Sabrina Claudio you’ll like Janine

If you like Sabrina Claudio you’ll like Alina Baraz 

If you like Brent Faiyaz you’ll like Arin Ray/RealestK",,East_Food5632,1747603004,https://reddit.com/r/spotify/comments/1kpupsb/if_you_like_a_artist_popular_youll_like_b_artist/,2026-06-20T10:21:16.807603+00:00,"{'subreddit': 'spotify', 'score': 5, 'num_comments': 1, 'query': 'recommendations'}"
reddit,We should be able to rate songs,"It’s an idea I’ve had for a long time but don’t know how to reach Spotify. They won’t show if you look up the song (they won’t be public), the rates would be like a personal way for the user to mark their favorite songs inside a playlist (or in their account in general). For example, in the playslist I listen most to, there are songs that I would rate 3.5 and some that would reach the 5, and sometimes I would like for them to be marked. This would also help the song recommendations system, songs randomizer and the Spotify wrapped.",,lifthoco,1742639868.0,https://reddit.com/r/spotify/comments/1jh5mhs/we_should_be_able_to_rate_songs/,2026-06-20T10:21:16.807617+00:00,"{'subreddit': 'spotify', 'score': 3, 'num_comments': 1, 'query': 'recommendations'}"
reddit,I need some recommendations for my playlist. any genre any artist,[https://open.spotify.com/playlist/653OjtInCSDPk1TK4vuiAH?si=774db0b6e9154a4e](https://open.spotify.com/playlist/653OjtInCSDPk1TK4vuiAH?si=774db0b6e9154a4e) this is the playlist i need something ive never heard before,,stink151,1747010208,https://reddit.com/r/spotify/comments/1kkfp47/i_need_some_recommendations_for_my_playlist_any/,2026-06-20T10:21:16.807624+00:00,"{'subreddit': 'spotify', 'score': 2, 'num_comments': 2, 'query': 'recommendations'}"
reddit,song recommendations??,soooo.. im making a new playlist what r some good songs to add???,,NationalGift6949,1742388420,https://reddit.com/r/spotify/comments/1jew5ee/song_recommendations/,2026-06-20T10:21:16.807631+00:00,"{'subreddit': 'spotify', 'score': 2, 'num_comments': 6, 'query': 'recommendations'}"
reddit,Got recommendations for an unconventional gym/running/exercise playlist,"I’m looking for more additions to this unconventional gym playlist I made today 

Steering away from rock, hip-hop, rap music and instead focusing on tracks that are inherently aggressive/asynchronous - the crunchiest/grungiest electric sounds and manic melodies. 

If you’ve got some unconventional adrenaline pumpers; I NEED em",,NoAttorney9330,1747424842,https://reddit.com/r/spotify/comments/1koa0aa/got_recommendations_for_an_unconventional/,2026-06-20T10:21:16.807642+00:00,"{'subreddit': 'spotify', 'score': 1, 'num_comments': 0, 'query': 'recommendations'}"
reddit,My personal Playlist,"Hello. I'm new to this subreddit. I have recently made my second playlist named ""Chicanery"" based on better call saul. It's got an hip/hop, R&B and alternative rock theme going on with many artists like Gorillaz, Kali Uchis, Schoolboy Q, Kendrick Lamar, Childish Gambino, Jpegmafia and many more rappers. Lmk your opinions on it and if you'd like, send me some recommendations based on my songs here. I'm open when it comes to music suggestions. 

https://open.spotify.com/playlist/0QeZ02jaapyXEvPm6k1ZBZ?si=Gfw8N0gpRt2hH-urzJ3LuA",,Brilliant-Scar-4878,1747366014,https://reddit.com/r/spotify/comments/1knr503/my_personal_playlist/,2026-06-20T10:21:16.807651+00:00,"{'subreddit': 'spotify', 'score': 1, 'num_comments': 0, 'query': 'recommendations'}"
reddit,Synthwave Express,"If you're looking for a great synthwave/vaporwave playlist, this is one I've been curating for a couple of years. I'm happy to hear recommendations for music to add!",,StormAndStone,1747115953,https://reddit.com/r/spotify/comments/1klemmd/synthwave_express/,2026-06-20T10:21:16.807658+00:00,"{'subreddit': 'spotify', 'score': 1, 'num_comments': 0, 'query': 'recommendations'}"
reddit,Shuffles plays same songs constantly and fix?,I have a playlist of over 2000 songs but it seems every time I play it in the car or at the gym it’s the same 50 songs and it drives me nuts. It’s been happening for the past 2-3 years. Why is there algorithm doing this to me 😂 the shuffle seems to prioritize songs that you listen to more than others which frustrates the hell outta me because that’s not really a true shuffle. Any recommendations to fix this on iOS?,,PapaCevap,1746732619.0,https://reddit.com/r/spotify/comments/1khyxnh/shuffles_plays_same_songs_constantly_and_fix/,2026-06-20T10:21:16.807685+00:00,"{'subreddit': 'spotify', 'score': 1, 'num_comments': 0, 'query': 'recommendations'}"
reddit,I made a website that notifies you when Spotify playlists you follow change,"Hey everyone,

I wanted to know when my friends added new tracks or episodes to their playlists so I created a website to track this.

For me recommendations from my friends are usually better then the ones Spotify comes up with.  
Perhaps you also find this useful?

You can sign in with your Spotify account on the site and then in the background it will check for you if the playlists you follow change. 

If there was a new track you get a push notification.

You do not need to have the website open to get notifications and you can also only select only certain playlists you want to be notified about.

This is the website: [https://app.vibetrek.app](https://app.vibetrek.app)

I also published the webapp as an app to the play store: [https://play.google.com/store/apps/details?id=app.vibetrek.app.twa](https://play.google.com/store/apps/details?id=app.vibetrek.app.twa)

Hopefully this is also useful to you.



   
I would really love some feedback on this! 

Just dm me on reddit or maybe join this discord I made for it: [https://discord.gg/VarcpNdMNU](https://discord.gg/VarcpNdMNU)",,UnlikelyStandard,1746619352.0,https://reddit.com/r/spotify/comments/1kgvlss/i_made_a_website_that_notifies_you_when_spotify/,2026-06-20T10:21:16.807696+00:00,"{'subreddit': 'spotify', 'score': 1, 'num_comments': 0, 'query': 'recommendations'}"
reddit,Need Your Best Non-Love Song Recommendations for My New Spotify Playlist!,"I'm putting together a new Spotify playlist and need your help! I already have one packed with love songs, so now I'm branching out and looking for tracks that focus on anything but love or relationships.

What are your favorite songs that aren't about romance? I'm open to all genres—rock, pop, electronic, hip-hop, indie, you name it. Whether it’s a song with thought-provoking lyrics or just a killer instrumental, I’m all ears.

I included my current playlist in this post so you can see what I’ve got so far if you wanna get a feel for the vibe.

Drop your recommendations below—can’t wait to check them out. Thanks in advance!",,Rocky_isback,1746580374.0,https://reddit.com/r/spotify/comments/1kgl4w6/need_your_best_nonlove_song_recommendations_for/,2026-06-20T10:21:16.807712+00:00,"{'subreddit': 'spotify', 'score': 1, 'num_comments': 0, 'query': 'recommendations'}"
reddit,Shoutout to Discover Weekly,"Just posting to say that the songs showing up my Discover Weekly playlist lately have been overwhelmingly good. Like either they are songs from my childhood that I forgot existed, and love hearing again, or they are actually very solid recommendations for new musicians that I might enjoy/songs from artists that I know, but are deeper cuts of their work that I may not have heard before. 

In the past I felt as if my Discover Weekly was all hit or miss. Like I would either enjoy the entire playlist, or none of it. Lately, it has been near awesome though. Quickly developing into my favorite feature on the platform overall. 

Got me curious to ask: what feature is your personal favorite? Does anyone else really enjoy the Discover playlist?",,_thiscloud,1746474183.0,https://reddit.com/r/spotify/comments/1kfkw89/shoutout_to_discover_weekly/,2026-06-20T10:21:16.807719+00:00,"{'subreddit': 'spotify', 'score': 1, 'num_comments': 0, 'query': 'recommendations'}"
reddit,I’m builduing the ultimate outrun/synthwave playlist for late-night drives and neon dreams. Give it a spin?,"Hey everyone! I’ve been curating this playlist for a while now — it’s packed with the best outrun, retro synths, and nostalgic vibes for driving under city lights or zoning out in your room. Think Kavinsky, The Midnight, FM-84, and some lesser-known gems too.

Perfect for night owls, writers, gamers, and dreamers.
No filler, just pure retrofuturistic energy.

Let me know what you think — and feel free to drop your own recommendations, I’m always looking to expand it!",,corsico-,1746200909.0,https://reddit.com/r/spotify/comments/1kd4aip/im_builduing_the_ultimate_outrunsynthwave/,2026-06-20T10:21:16.807734+00:00,"{'subreddit': 'spotify', 'score': 1, 'num_comments': 0, 'query': 'recommendations'}"
reddit,Summer Songs Recommendations,"I'm making a Playlist for summertime! I'm looking for songs that sound like summer, but in a distorted, fever dream way! They can be happy, sad, lovey dovey, or anything in between!! Thank you all!",,Honest-Command-9385,1745972147.0,https://reddit.com/r/spotify/comments/1kb36tb/summer_songs_recommendations/,2026-06-20T10:21:16.807754+00:00,"{'subreddit': 'spotify', 'score': 1, 'num_comments': 0, 'query': 'recommendations'}"
reddit,Musyt Spotify YTM Streaming alternative,"I just launched [Musyt.com](http://musyt.com/), a music streaming platform based on the Bemusic engine which uses the YouTube API enriched with Spotify and Last.fm data. I liked the idea to have a simple free alternative without audio advertisements and wanted to share this. There are no ad interruptions of the music playing.

Since it uses Youtube Music you can find all music from Youtube Music so that's a lot! I already loaded some playlists.

It's open for everyone for free or with a small monthly fee to hide the banner ads. At this moment I didn't setup the banner ads yet. 

I will work on loading more public playlists and maybe more regional hit lists.  
If there is enough interest I will consider adding an Android App (not just the browser version). I have some limitations with the platform, but I'm thinking about a way around to add features like recommendations.

Maybe for some of you this might be interesting. I know it's not a full featured platform, but for me it has more or less what I need.",,CosmicHug,1745922355.0,https://reddit.com/r/spotify/comments/1kakl8d/musyt_spotify_ytm_streaming_alternative/,2026-06-20T10:21:16.807773+00:00,"{'subreddit': 'spotify', 'score': 1, 'num_comments': 0, 'query': 'recommendations'}"
reddit,Smart shuffle,Smart Shuffle can’t be turned off (on pc). When i try to turn it off it says that all recommendations are deleted and it flickers from off back to on,,coyote2676,1745728058.0,https://reddit.com/r/spotify/comments/1k8vnhw/smart_shuffle/,2026-06-20T10:21:16.807783+00:00,"{'subreddit': 'spotify', 'score': 1, 'num_comments': 0, 'query': 'recommendations'}"
reddit,Spotify recommending songs I've listened to on other platforms. Anyone noticed the same?,"Hi, for about half a year now I've noticed a pattern where if I listen to a specific song on youtube a couple of times, then a couple of days later that same song pops up in my spotify recommended or 'Discover weekly'.   
  
These are usually songs that are outside my taste profile and that I have never searched for in the app, they are not new releases nor from artists that I often listen to. There are also some artists that are now popping up again in my recommendations regardless of the fact that they are in none of my playlists and that I exclusively listened to on youtube, never on spotify, primarily because I binge them sporadically.

The accounts I use on these apps also use two different emails, my personal email and my google account. I find this just plain weird and downright creepy sometimes.

Is this happening to anyone else?",,Cha0sWyvern,1745701826.0,https://reddit.com/r/spotify/comments/1k8nber/spotify_recommending_songs_ive_listened_to_on/,2026-06-20T10:21:16.807790+00:00,"{'subreddit': 'spotify', 'score': 1, 'num_comments': 0, 'query': 'recommendations'}"
reddit,Music recommendations,"Hey everyone, I’ve been meaning to explore different music/ artist and was wondering if anyone would be able to recommend some songs. I’m open to any type of music anyone can recommend. I’ve been more of a indie/rock music person as well as hip hop any songs help thank you",,UpstairsAssignment61,1745645211.0,https://reddit.com/r/spotify/comments/1k85j1a/music_recommendations/,2026-06-20T10:21:16.807801+00:00,"{'subreddit': 'spotify', 'score': 1, 'num_comments': 0, 'query': 'recommendations'}"
reddit,my discover weekly has only three songs,I don't know what to do,,Ka-tastrophe,1739176805,https://reddit.com/r/spotify/comments/1im1mhj/my_discover_weekly_has_only_three_songs/,2026-06-20T10:21:24.749995+00:00,"{'subreddit': 'spotify', 'score': 58, 'num_comments': 33, 'query': 'discover weekly'}"
reddit,What are your go-to playlists for discovering actually good music?,"Hey folks — like many of you, I'm always on the hunt for fresh tracks across all kinds of genres. I'm already familiar with Spotify’s Discover Weekly, Release Radar, and Daylist... but honestly, they’re hit or miss (mostly miss lately).

So I’m turning to the hive mind:  
**What are your** ***favorite playlists*** **for finding new gems — whether it’s new releases, deep cuts, genre blends, or underrated/obscure artists?**  
Bonus points if it’s updated regularly or curated by someone with great taste.

Some example of what I like:  
[The Sound Of Everything - One Song from every genre on everynoise](https://open.spotify.com/playlist/69fEt9DN5r4JQATi52sRtq?si=3e50d31ca2744875)

[BrooklynVegan Weekly Playlist](https://open.spotify.com/playlist/0ZQcCFqc1ziBiC1fvrrbsT?si=f51c557e7ab84011)

[TND Best Songs of 2025](https://open.spotify.com/playlist/0Qqso63VsqaaRiYRN09wxV?si=59546bff592e4665)

[Psychedelic Fresh Finds](https://open.spotify.com/playlist/4SWdomXBcJObJkO3qvyALD?si=6ce8f2ebe245492b)

[Indie Underground](https://open.spotify.com/playlist/3GovsX6fNJfaFazt4nTr9s?si=fc2dbcc8852f4a70)",,normalize,1744220965,https://reddit.com/r/spotify/comments/1jvc147/what_are_your_goto_playlists_for_discovering/,2026-06-20T10:21:24.750038+00:00,"{'subreddit': 'spotify', 'score': 46, 'num_comments': 62, 'query': 'discover weekly'}"
reddit,13/30 Songs in Discover Weekly didn't change,[removed],,RBRT02,1746436117.0,https://reddit.com/r/spotify/comments/1kf73cc/1330_songs_in_discover_weekly_didnt_change/,2026-06-20T10:21:24.750048+00:00,"{'subreddit': 'spotify', 'score': 12, 'num_comments': 9, 'query': 'discover weekly'}"
reddit,3 songs in Discover Weekly,This is the 1st time this happend to me. I didn’t know it was possible to have only 3 songs in DW. Is it normal or whaaaat?,,veronica_mach,1739186761,https://reddit.com/r/spotify/comments/1im3y4v/3_songs_in_discover_weekly/,2026-06-20T10:21:24.750060+00:00,"{'subreddit': 'spotify', 'score': 7, 'num_comments': 2, 'query': 'discover weekly'}"
reddit,Discover Weekly only 3 Songs??,"Anybody else's DW jacked up this week?  Usually the highlight of my Monday and all i get are 3 songs.

My disappointment is immeasurable and my day is ruined.",,Dynamite_Fools,1739198880.0,https://reddit.com/r/spotify/comments/1im7r8p/discover_weekly_only_3_songs/,2026-06-20T10:21:24.750068+00:00,"{'subreddit': 'spotify', 'score': 5, 'num_comments': 4, 'query': 'discover weekly'}"
reddit,Blocking Spotify Songs,"Maybe the almighty Spotify AI gods know something about me that I haven't realized yet; this week my personal Discover Weekly playlist is filled again with music tailored for the degenarates. 

The dislike button seems long gone and now I can't even seem to find the hide-in-playlist button either. The only option is to skip the song and pray that the overlords will understand that this mortal being does not want to listen to that song.

My tiny brain just can't comprehend what the big plan is: Why can't we block songs that don't align with our taste? Is the taste wrong and do I need to be re-educated? Are all users, that have posted about this issue, in need of divine intervention? Surely the gods must have picked up on at least some of these prayers by now.

We are in need of enlightenment, oh mighty Spotify AI gods. Please, show us the way.",,mcnull,1738760983.0,https://reddit.com/r/spotify/comments/1ii9kge/blocking_spotify_songs/,2026-06-20T10:21:24.750077+00:00,"{'subreddit': 'spotify', 'score': 5, 'num_comments': 0, 'query': 'discover weekly'}"
reddit,Has Spotify's algorithm gotten better?,"Is there any evidence that Spotify's aglorithm for generating Discover Weekly has gotten better in recent years/months? Is there reason to think that it would?

Does anyone know if the algorithm has changed in any meaningful way?

Does anyone notice a difference? Has anyone kept track of how many songs they liked from each Discover Weekly?",,Waste_Perception_233,1727890366.0,https://reddit.com/r/spotify/comments/1fulzx3/has_spotifys_algorithm_gotten_better/,2026-06-20T10:21:24.750084+00:00,"{'subreddit': 'spotify', 'score': 5, 'num_comments': 13, 'query': 'discover weekly'}"
reddit,"my ""work music"" is ruining my discover weekly","my discover weekly has been excellent for the last 8-9 years but something has changed recently and what i listen to on repeat and exclude from taste profile has now taken over all recommendations. for context, i listen to classical piano / instrumentals/  movie ost's whilst working. my discover weekly was full of new songs that spanned across multiple genres that I like to listen to when I am actually listening to music. i assumed that discover weekly was based on songs I ""liked"" rather than listened to. 

for the last 6-9 months I don't think I've heard even one song in Discover weekly that I enjoyed enough to save/like.

is there a way to wipe taste profile/ re-build etc without having to manually search for songs?",,mrnzt,1747088675,https://reddit.com/r/spotify/comments/1kl5whx/my_work_music_is_ruining_my_discover_weekly/,2026-06-20T10:21:24.750091+00:00,"{'subreddit': 'spotify', 'score': 4, 'num_comments': 7, 'query': 'discover weekly'}"
reddit,Discovery Weekly filled with AI,"Usually, I'm quite excited for the new discover weekly. However, this week's is filled with AI generated music. This is not what I signed up for. If I want that kind of content, I'll go somewhere else. After being a loyal premium subscriber, this might actually push me to Apple Music instead. Anybody else noticed this?

Some examples from this morning's discover weekly:

https://open.spotify.com/track/0Ovl2Xc0FWKBbtYUu7MU31

https://open.spotify.com/track/5aG3Ax4RtyRLTqJdXzZ94k

https://open.spotify.com/track/7a99Wby6nfA9qEuH422gqn

There's barely any information about these bands anywhere.",,ojoaopestana,1747045161,https://reddit.com/r/spotify/comments/1kkozmf/discovery_weekly_filled_with_ai/,2026-06-20T10:21:24.750099+00:00,"{'subreddit': 'spotify', 'score': 3, 'num_comments': 3, 'query': 'discover weekly'}"
reddit,Discover Weekly filters?,"this may be a dumb question but one morning when i woke up a couple days ago i checked out my discover weekly and it gave me the option to filter the music from rap, R&B, rock, etc etc and it practically gave me a discover weekly for each of those genres, but when i checked later that day it didnt give me the option anymore, does anyone know what im talking about or did i just lose access to that.",,BigTreacle2312,1747245955,https://reddit.com/r/spotify/comments/1kmm2h8/discover_weekly_filters/,2026-06-20T10:21:24.750119+00:00,"{'subreddit': 'spotify', 'score': 2, 'num_comments': 1, 'query': 'discover weekly'}"
reddit,Discover Weekly Playlist Users:,"How many songs on average are you adding to your liked songs from the Discover Weekly playlist? 

I really love this feature, but I find the algorithm a bit weak - I add about 3-4 songs a week from the 30 song playlist. Some weeks also have better suggestions than others.",,smaiads,1747154951,https://reddit.com/r/spotify/comments/1klqwiz/discover_weekly_playlist_users/,2026-06-20T10:21:24.750125+00:00,"{'subreddit': 'spotify', 'score': 2, 'num_comments': 1, 'query': 'discover weekly'}"
reddit,Discover Weekly filters gone,My discover weekly got filters for different genres in it a couple days ago and I really liked it. Then I check today and they’re gone. What’s up with that?,,therealgwizz,1746733274.0,https://reddit.com/r/spotify/comments/1khz709/discover_weekly_filters_gone/,2026-06-20T10:21:24.750133+00:00,"{'subreddit': 'spotify', 'score': 1, 'num_comments': 0, 'query': 'discover weekly'}"
reddit,Last Week's Discover Weekly was completely bizarre,"I love checking my Discover Weekly Monday mornings.  There's typically only a couple songs that I wind up liking, if I'm lucky, but considering how subjective music tastes are, I consider 2 out of 30 to be pretty good.

For some reason, last week, every single song was so out of left field, I thought I was in someone else's account.  Just about everyone song wasn't even peripherally related to what I typically listen to.  I share this as a curiosity about the possibility of others having this experience, not as a complaint.  Today is a new Discover Weekly day, and it's back to normal.",,RayQuazanzo,1745842011.0,https://reddit.com/r/spotify/comments/1k9twoz/last_weeks_discover_weekly_was_completely_bizarre/,2026-06-20T10:21:24.750141+00:00,"{'subreddit': 'spotify', 'score': 1, 'num_comments': 0, 'query': 'discover weekly'}"
reddit,My discover weekly just recommended me a full playlist of music in a language I don’t even know. Is this normal?,"For context, this is what I see: https://imgur.com/a/OaMHIIf

I’m super confused because my Spotify had gotten hacked in 2018 once. I don’t think I’ve been hacked because I have some crazy password now but could it be someone did gain access to my account and listened to this type of music?

I have Spotify on hours a day so I feel like I would have known if I got hacked. 

I’m so confused. Maybe it’s a glitch? lol",,Jack_The_CPA,1744750286.0,https://reddit.com/r/spotify/comments/1k02r0s/my_discover_weekly_just_recommended_me_a_full/,2026-06-20T10:21:24.750155+00:00,"{'subreddit': 'spotify', 'score': 1, 'num_comments': 0, 'query': 'discover weekly'}"
reddit,Does anyone’s Discover Weekly constantly change?,"Unlike what’s apparently a popular opinion from what I’ve seen on this sub, I am actually a fan of the recommendations I get. But lately songs just keep getting replaced almost daily and it’s really annoying af specially when I want to listen to a song again but I find that for some reason it got replaced and I haven’t saved it.",,just___loser,1744645453.0,https://reddit.com/r/spotify/comments/1jz229e/does_anyones_discover_weekly_constantly_change/,2026-06-20T10:21:24.750167+00:00,"{'subreddit': 'spotify', 'score': 1, 'num_comments': 0, 'query': 'discover weekly'}"
reddit,Discover Weekly playing disliked songs,Has anyone figured out how to stop this?,,LivingPrivately,1743959801.0,https://reddit.com/r/spotify/comments/1jsz6ie/discover_weekly_playing_disliked_songs/,2026-06-20T10:21:24.750173+00:00,"{'subreddit': 'spotify', 'score': 1, 'num_comments': 0, 'query': 'discover weekly'}"
reddit,Discover weekly broken?,"I listen to metal, grunge, rock. My discover weekly just gave me a full list of pop/rock in what I’m assuming is Thai? Idk. Anyone else have this problem?",,cody_chewtoy,1743711778.0,https://reddit.com/r/spotify/comments/1jqt5kw/discover_weekly_broken/,2026-06-20T10:21:24.750182+00:00,"{'subreddit': 'spotify', 'score': 1, 'num_comments': 0, 'query': 'discover weekly'}"
reddit,does anybody else have this glitch?,recently i’ve been noticing songs repeating on my playlist. it’s so weird bc my playlist have over 250+ songs it’s over 12 hours long so i am not sure why they keeping repeating. and i always click shuffle so i’ll be listening to music and it feels like it’ll only play like 25 songs from the playlist then it’ll repeat songs and start again. has anyone else noticed this,,romansanrio,1646443330,https://reddit.com/r/spotify/comments/t6y4y3/does_anybody_else_have_this_glitch/,2026-06-20T10:21:37.068699+00:00,"{'subreddit': 'spotify', 'score': 125, 'num_comments': 48, 'query': 'repeat listening'}"
reddit,Why is shuffle not a true shuffle?,I have been recently listening to one artist and when I try to listen to all their songs I only get 10-15 on repeat. There are entire albums I don't hear from. Please just make it random and not whatever the hell you have now.,,nosrebnA,1745428873.0,https://reddit.com/r/spotify/comments/1k64u5c/why_is_shuffle_not_a_true_shuffle/,2026-06-20T10:21:37.068724+00:00,"{'subreddit': 'spotify', 'score': 114, 'num_comments': 43, 'query': 'repeat listening'}"
reddit,Current song(s) you’re listening to on repeat?,"Mine are
Coal by Dylan Gossett
The Only Thing Left by Vincent Lima
Indigo by Sam Barber and Avery Anna",,Ok-Pen8151,1746813150,https://reddit.com/r/spotify/comments/1kiosho/current_songs_youre_listening_to_on_repeat/,2026-06-20T10:21:37.068738+00:00,"{'subreddit': 'spotify', 'score': 61, 'num_comments': 174, 'query': 'repeat listening'}"
reddit,Do you try to memorize all songs you listen to ?,I have been having this problem for a while now and i think its stopping me from enjoying my music.whenever i hear a song or add it in my playlist my brain just forces me to listen to it on repeat and memorize it.i just think if i know it word for word only then i can enjoy this song fully. I have been really struggling to get away from this habit lol. I just keep listening to same 2-3 songs for days until i have learned them fully or maybe even better than the artist who made it lol.You all do something like this too?,,BeastFromMordor,1746907157,https://reddit.com/r/spotify/comments/1kjiwb1/do_you_try_to_memorize_all_songs_you_listen_to/,2026-06-20T10:21:37.068747+00:00,"{'subreddit': 'spotify', 'score': 30, 'num_comments': 25, 'query': 'repeat listening'}"
reddit,Spotify clears the queue by itself,"I apologize if this is a repeat but it is hard to search for this issue because it keeps giving me methods to clear queue instead.

I play music from my liked songs and just put everything on shuffle. After a few days if I don't continue listening to where I was, the queue will just vanish and I won't even have any recently played songs showing either. This gets annoying since I have to restart the whole playlist and get songs I heard already multiple times.

At first I thought it was just some desync after not playing it for a while and opening the app on PC. I should mention I only open the app on one computer and nowhere else. I noticed today that at some point throughout the day, while having the app opened for a while already and using the PC for hours (but not playing anything), the app icon just started glowing orange (this is windows 10 so I am sure people will know what I mean) as if there a notification or something similar going on. When I clicked on it to see what was happening, the queue was gone. Is there a setting that does this for some reason and how do I prevent this from happening in the future?",,PuppetMaster000,1629312300,https://reddit.com/r/spotify/comments/p6xfs2/spotify_clears_the_queue_by_itself/,2026-06-20T10:21:37.068761+00:00,"{'subreddit': 'spotify', 'score': 4, 'num_comments': 0, 'query': 'repeat listening'}"
reddit,What's up with spotify at night?,"I occasionally fall asleep listening to spotify and I always wake up to some loud annoying music from an artist with only like 5,000 monthly listeners. Does spotify think this is sleep music or something because this never happens to me during the day. 

also it floods my On Repeat with that artists music the next day which means when I ban that artist from playing my on repeat is now half the length",,cgautreau,1629148187,https://reddit.com/r/spotify/comments/p5p8dx/whats_up_with_spotify_at_night/,2026-06-20T10:21:37.068770+00:00,"{'subreddit': 'spotify', 'score': 4, 'num_comments': 5, 'query': 'repeat listening'}"
reddit,A rant. Why do all music streaming services suck?,"Not sure what to title this post. I switched to Spotify from Google Play Music several years ago because it had the best family account management where I could block content on my kid's accounts. Overall I like Spotify, but the constant issues have me looking at YouTube Music again. My biggest complaint is the not really random at all shuffle feature. I also find that I often have to force the app closed and delete the cache to get it to play more than the same 40-50 songs over and over or some other trick like playing a different playlist and then returning back to the one I want to listen to. If I'm listening in my office and then leave for the day and continue listening in the car it doesn't pick up where I left off and frequently I'm stuck with the same group of songs on repeat. Of course it's really difficult to kill the app and clear the cache while I'm driving.

I have a Liked Songs list that is over 12,000 songs and growing. I like to listen to it shuffled but I KNOW there are a ton of songs on it I never hear. There are third party options that will shuffle a playlist but not for one as big as mine :(. So recently I started listening to Liked Songs in alphabetical order. Because of how clunky Spotify is at not remembering where I left off or deciding to turn on shuffle when I had it off I have to go back into the list and scroll down to find the last song I listened to. Lately when I do this it will not start playing when I touch the song I want to hear. Sometimes I can get it to work by killing the app, restarting the phone, etc. but the next day the issue is back. 

I've contacted Spotify support in the past and their answer is always just to delete the app and reinstall it, which may help for a few days but ultimately doesn't resolve anything. That is a very poor solution anyway for multiple reasons. I have over 30GB of data and I'm not willing to have to redownload that every time.

After dealing with this for a few weeks I decided to give YouTube Music a try again. First issue is that YouTube Music only supports playlists up to 5,000 songs :(. I found this out AFTER paying for one of the premium playlist transfer services. So far, shuffle seems better, IDK. YTM of course has many other issues similar to Spotify such as not keeping downloads for offline use, etc.

I think if shuffle actually worked on Spotify I could overlook the other faults. How hard is it to make a decent streaming service? You almost get the feeling that these companies don't actually want to make a service that meets the needs of the customers. I think to some degree that is true, because they want to steer the user to certain artists or songs, I'm sure they make more money that way.

I don't know what to do. I just want to listen to music :(.",,Zeus_42,1741100299,https://reddit.com/r/spotify/comments/1j3cmla/a_rant_why_do_all_music_streaming_services_suck/,2026-06-20T10:21:37.068790+00:00,"{'subreddit': 'spotify', 'score': 3, 'num_comments': 4, 'query': 'repeat listening'}"
reddit,Spotify playing music from somewhere else even when in offline mode,"Not really sure if the title of the post explains what I mean so I'll try to explain it the best I can here. So I want to play music from my phone, which I turned to offline mode, because my mom, who I share the account with, is listening to music from her phone. Even though I'm offline it still connects to the music she's playing which interrupts the music I'm playing and then when I play my music again it gets interrupted again and the cycle just repeats. So I just wanted to know if there's a way I can stop this. Thanks to anyone who can help!",,jaidenonreddit,1631718726,https://reddit.com/r/spotify/comments/pos1ww/spotify_playing_music_from_somewhere_else_even/,2026-06-20T10:21:37.068803+00:00,"{'subreddit': 'spotify', 'score': 3, 'num_comments': 0, 'query': 'repeat listening'}"
reddit,An excellent Spotify profile for new music discovery.,"The name ""musicthatdoesntallsoundthesame"" suggests that this Spotify profile or playlist is likely focused on curating a diverse selection of tracks across different genres and styles. It's meant to appeal to listeners who appreciate variety in their music and are tired of hearing similar-sounding songs or mainstream hits repeated across playlists. Such profiles or playlists are often a great way to discover new artists and genres that you might not encounter in more algorithm-driven playlists that cater to specific tastes.

If you’re someone who enjoys exploring different musical landscapes and values the element of surprise in your listening experience, this could be a profile worth following. It’s a good way to break out of musical ruts and find something unexpected and refreshing.

Newesr playlist - https://open.spotify.com/playlist/55SmZksTwYtBUk316rg3jp?si=VJg9MxtWR2akFBdLWQlxvg&amp;pi=u-A0vRU3i9TU-r

Most popular playlist - https://open.spotify.com/playlist/1YZsxdkmtVoiKm48Fqdm3Q?si=IvQGKkZcRLm7ECiKz_BFRg&amp;pi=u-wd70O7skQ1a8",,Artistic-Audience182,1723579667.0,https://reddit.com/r/spotify/comments/1erhszt/an_excellent_spotify_profile_for_new_music/,2026-06-20T10:21:37.068823+00:00,"{'subreddit': 'spotify', 'score': 2, 'num_comments': 3, 'query': 'repeat listening'}"
reddit,Easy way to Toggle on / off crossfade (or at least apply crossfade to playlists only),"Is there a way to easily enable / disable cross fade without having to go into the settings?

I'm not sure who'd relate but if I'm listening to an album with seamless tracks, I don't want crossfade.

If I switch over to a playlist, I'd prefer crossfade.

Is there a way to have a crossfade enable on playlists only? 

Would having a crossfade icon next to the shuffle / repeat icons be preferable?  

Is there a MOD for this?",,Blazanthnu,1651756943,https://reddit.com/r/spotify/comments/uixcad/easy_way_to_toggle_on_off_crossfade_or_at_least/,2026-06-20T10:21:37.068832+00:00,"{'subreddit': 'spotify', 'score': 2, 'num_comments': 0, 'query': 'repeat listening'}"
reddit,Selling song data to advertisers?,"Selling data is not new, we all know this. But recently I was listening to a song on repeat that isn’t very popular and all of a sudden it’s appearing in ads on instagram and TikTok that have no connection at all. A study help app, for example, and it’s not like it’s the chorus it’s from the start that is slow-ish. Wondering if anyone else has noticed this?",,IrishBeerCan,1746490484.0,https://reddit.com/r/spotify/comments/1kfr74g/selling_song_data_to_advertisers/,2026-06-20T10:21:37.068846+00:00,"{'subreddit': 'spotify', 'score': 1, 'num_comments': 0, 'query': 'repeat listening'}"
reddit,I AM TRYING FOR THE MOST AMOUNT OF MINUTES FOR SPOTFY WRAPPED 2025! UPDATE #2,"Hi guys, 

  
if you didn't read my previous post before, you should for some context.

[Previous Post](https://www.reddit.com/r/spotify/comments/1hfvfmc/i_am_trying_for_the_most_amount_of_minutes_for/)



I set out on a journey of music discovering and also trying to have the most minutes listened on spotify. Based on my journey so far, I won’t be getting that title but will still be getting a very high number. With some tech issues and some solutions, I have nailed down my technique. My last post was a recap of my weeks leading up to my first week. I had some tech issues but quickly resolved but more came up. My sleeping playlist was having issues going through the whole night , either my sonos speaker would disconnect in the middle of the night, my playlist wasn't long enough to last the whole night, or spotify would be a piece of hot garbage and not work for no reason. I had many issues with my spotify and sonos speaker. It would play a song or two then keep the song there without even playing anything, the timestamps would say “0:00” But I found a solution to this, I found that Airplay on my iphone is the best. Lets you control your volume through my phone, not the app. I could watch video on another Bluetooth device while Spotify was still connected to the speaker, and most importantly it went through the whole night. I also added way more songs to my sleeping playlist so it could last even longer. 



Anyways, my listening to new artists everyday is going great! Every weekday, I listen to the artist’s top 10 songs, debut record , the most popular record, and 2-3 other records. I add my favorite songs from the artist to another playlist and reflect with them over the weekend. And I have been doing that for the last two weeks. These artists I know of but want to learn more songs or even more discography then I know. But that is pretty much it. I will write again on March 3rd reflecting on the month of February. But here is a list of the new artists I have been reconnecting with. 



* MUNA
* Joni Mitchell 
* Billy Joe
* The Strokes
* Arlo Parks
* Julian Baker
* Eillot Smith
* System of the Down
* The Doors
* Simon and Garfunkel
* David Bowie
* The Mama’s and the Papa’s
* Casey Elliot 
* TOOL



Here is my favorite record of JAN



Alligator Bites Never Heal - Doechii



I saw Denial Is A River all over my social media. I watched her music video and thought it was unique but really did pay any other attention to her. But that music video would always be recommended all the time over and over again, then I listened to it more and more. Then I watched her Tiny Desk Concert and that's when I fell in love with her music and this specific record. That Tiny Desk Concert was easily my Top 5 Tiny Desk Concerts of mine. This is probably the most repeated album this month. GO LISTEN TO HER TINY DESK IT IS LITERALLY AWESOME!!!! \*also it just won best rap of the year :)",,TurtleNeck_Taco,1738718141.0,https://reddit.com/r/spotify/comments/1ihy5lf/i_am_trying_for_the_most_amount_of_minutes_for/,2026-06-20T10:21:37.068880+00:00,"{'subreddit': 'spotify', 'score': 1, 'num_comments': 0, 'query': 'repeat listening'}"
reddit,Remove streamed song from history,According to stats.fm I fell asleep listening to a song I’m honestly not even a fan of on repeat. I was wondering if there was a way to delete that history. I’m worried about my Spotify wrapped at the end of the year because it put it at my most streamed song of all time and I don’t want that song on my wrapped at the end of the year.,,whitewoven,1738550335,https://reddit.com/r/spotify/comments/1igeu5k/remove_streamed_song_from_history/,2026-06-20T10:21:37.068894+00:00,"{'subreddit': 'spotify', 'score': 1, 'num_comments': 1, 'query': 'repeat listening'}"
reddit,Some good recommendations for chill music.,Trying to broaden my music list so that I can have longer listening time without having to f to repeat songs over and over again.,,Awkward_Response_,1735536682.0,https://reddit.com/r/spotify/comments/1hpg40m/some_good_recommendations_for_chill_music/,2026-06-20T10:21:37.068901+00:00,"{'subreddit': 'spotify', 'score': 1, 'num_comments': 0, 'query': 'repeat listening'}"
reddit,More Ads than songs.,"I don't typically use Spotify for streaming music,  but occasionally I go back to check it out. Today I was listening to a channel and it was 2-3 songs, 3-4 commercials (mostly 30 sec commercials) . This repeated regularly over the evening of driving around town. This is completely unreasonable and not inline with other streaming services. 

Is this really how they convince people to buy premium? Just keep pushing more and more ads to free users until they buy in. At this point, I don't want to buy out of spite due to slimy business practices.",,OneofFewHS,1735367770.0,https://reddit.com/r/spotify/comments/1hnzx6l/more_ads_than_songs/,2026-06-20T10:21:37.068911+00:00,"{'subreddit': 'spotify', 'score': 1, 'num_comments': 0, 'query': 'repeat listening'}"
reddit,"Spotify playlists are too curated to my personal music, and now every playlist is the same.","I feel like something changed in the last year (2 years?) with how the spotify playlists worked.

  
I used to be able to search \`heavy Rock Workout Music\` and choose a Spotify curated playlist of what i assumed were the most popular songs in that ""genre"". It was a great for what I wanted. discover new music I normally dont listen to

  
Now, all these playlists are ""recommended for you"", but the problem is that spotify gets into a loop and now is only recommending songs I listen to.

  
I went to choose \`heavy rock workout music\` today, and was given a playlist of my own music. Things like weezer, chris stapleton, etc. Thats not even heavy rock. but its the closest thing to it that I listen to. what a bummer.  every spotify playlist is like this. Sure there are user created playlists to search from but they aren't as good as what the default spotify playlists used to be. All the spotify playlist are my own commonly played music.

  
And its hard to break that cycle... because I also notice that after listening to an artist/album, when it starts to play ""similar music"", its all the same stuff I already have listened to. Previously, thats how i would discover new songs/artists when it would play recommended artists/songs but not necessarily weighing the things it knows i repeat often.

  
This makes it harder to actually discover new music. Is there a solution that I'm overlooking? anyone experience this?",,aLifeOfPi,1733947495.0,https://reddit.com/r/spotify/comments/1hc2moj/spotify_playlists_are_too_curated_to_my_personal/,2026-06-20T10:21:37.068919+00:00,"{'subreddit': 'spotify', 'score': 1, 'num_comments': 0, 'query': 'repeat listening'}"
reddit,what is up with Spotify and Taylor Swift,"listen i don’t hate taylor’s music i actually used to really like her but have grown out of her. last year i got her as like no.2 in my wrapped and thought it was weird because i hardly listen to her but whatever. then my friends said the same thing. i kept getting taylor songs playing once my playlists came to the end so i changed settings to that it just repeated playlists. then in prep for wrapped i made sure i selected “do not play this artist” so i could be sure she wouldn’t sway it. 

then, just now i was listening to my winter playlist and it randomly sprinkled taylor songs into the queue?? (can’t add more but it was about 5 added randomly between random songs into the queue) i am in the car so nobody could join the jam or anything and i had no taylor songs in this playlist and some even were ones i had never heard before. how did it play them despite me saying don’t play this artist and having it set to just repeat the playlist??? has this happened to anyone else?? i feel like a crazy conspiracy theorist",,bununii1,1733779626.0,https://reddit.com/r/spotify/comments/1hakwj4/what_is_up_with_spotify_and_taylor_swift/,2026-06-20T10:21:37.068940+00:00,"{'subreddit': 'spotify', 'score': 1, 'num_comments': 0, 'query': 'repeat listening'}"
reddit,Weird wrapped content,So I was listening to DJX play my wrapped list and it was actually playing songs that I have never listened to. This makes no sense to me. There are so many songs that I know I have had on repeat played many many times and yet it chooses to show me stuff that I have never once heard before.,,shock1964,1733344136.0,https://reddit.com/r/spotify/comments/1h6q9v6/weird_wrapped_content/,2026-06-20T10:21:37.068967+00:00,"{'subreddit': 'spotify', 'score': 1, 'num_comments': 0, 'query': 'repeat listening'}"
reddit,Spotify Audio Quality,"I know this has been brought up but I just NEED to vent. So I use Spotify. Their music selection is top tier. I was listening to my husband's Pandora and I noticed the sound quality was SO MUCH BETTER (same with apple music). So I was like awesome let's cancel Spotify and upgrade my husband's. 

Pandora doesn't have even a scosh of the music selection Spotify does. All of my fave songs aren't available on Pandora. So I'm upset lol I'm back with Spotify but damn I just need them to up their quality! 

K I'm done. Sorry for the repeat post",,xxthursday09xx,1731951533.0,https://reddit.com/r/spotify/comments/1guah3t/spotify_audio_quality/,2026-06-20T10:21:37.068977+00:00,"{'subreddit': 'spotify', 'score': 1, 'num_comments': 0, 'query': 'repeat listening'}"
reddit,Spotify playlist queue keeps resetting to songs that have already played,"For the last few weeks, I've noticed that Spotify will constantly reset my queue if I close Spotify and/or restart/hibernate my PC. I've tried contacting Spotify support on Twitter. Unfortunately, their solutions haven't helped me thus far. I've tried a fresh install of Spotify, logging in and out, clearing the cache, redownloading my playlist, playing it through different devices and networks, creating a new playlist and adding the songs to it, unshuffling and reshuffling, turning off repeat, and so on. The playlist has 4,566 songs, so it shouldn't be a 'repeating' issue.

To give you a better idea, in the following image, the playlist queue on the left is from roughly 22 hours ago. The 'now playing' song is the last song I had been listening to before I paused it. The songs in the queue had already played roughly 12 hours prior.

The playlist queue on the right is from my phone. Once again, the 'now playing' song is the last song I was listening to. However, the songs in the queue had played a few days ago. As of right now, the playlist on my phone has the correct and current [queue](https://drive.google.com/file/d/1j_StiVCQD-xGz0VNQoZ4okq8JBtsTDkv/view?usp=drive_link). The issue is non-existent on the iOS version of Spotify, as far as I'm aware.

https://preview.redd.it/acsccz1ryzzd1.png?width=649&amp;format=png&amp;auto=webp&amp;s=f5ae2d7cf85ce53e2a5231213e330f78d5c9b7f4

I'm unsure what could be causing this issue but I'm all out of ideas and I think Spotify support are as well, as [this](https://community.spotify.com/t5/Live-Ideas/All-Platforms-Option-to-have-a-true-shuffle/idi-p/4880594) was the link they suggested I keep my eye on, even though I don't think it's at all relevant to my issue.

Has anyone else come across this issue?

Alternatively. Does anyone have any other solutions or ideas on how to fix this?",,BRB1993,1731212061.0,https://reddit.com/r/spotify/comments/1gnsc76/spotify_playlist_queue_keeps_resetting_to_songs/,2026-06-20T10:21:37.068993+00:00,"{'subreddit': 'spotify', 'score': 1, 'num_comments': 0, 'query': 'repeat listening'}"
reddit,Switching to AM solely for random queues,"Fuck Spotify’s trash song randomizer playing the same exact 25 songs on repeat every single day no matter what songs you add to a playlist, im actually so done. I’ve read Apple Music queues are TRULY random, and this is the SOLE reason im switching. Ditching my Spotify premium

Spotify, people have been complaining about this for years and years and years and it’s such an easy fix, genuinely why do they think it’s better to do this than truly randomize? It does not keep people listening, it makes people TIRED",,VVSK1,1726421200.0,https://reddit.com/r/spotify/comments/1fhhzgq/switching_to_am_solely_for_random_queues/,2026-06-20T10:21:37.069007+00:00,"{'subreddit': 'spotify', 'score': 1, 'num_comments': 0, 'query': 'repeat listening'}"
reddit,Repeating Songs in Single Listening Session,"So I’m well aware that shuffle on Spotify has been more or less broken for years at this point, certainly for as long as I can remember using the app. Even in a playlist of 100s/000s of songs, the algorithm will always prioritise songs which it feels you ‘enjoy’ the most. However, recently the problem has evolved into a somehow even more frustrating situation where songs will start repeating in a playlist IN THE EXACT SAME LISTENING SESSION?!?

On every single playlist, after a while Spotify starts repeating songs it already played when I first hit play, often even in the exact same order as they first played out. This is happening whilst there are still countless of songs from that are yet to be played, yet somehow the same songs are reappearing without me hitting ‘repeat’ or anything like that.  If this is intentional it’s frankly a demented decision and has made shuffle play a chore of constantly sifting through songs. 

For what it’s worth, it feels like this happens more when smart shuffle is enabled, but I still don’t see why that should cause issues, and since smart shuffle essentially replaced playlist radios I don’t really want to turn it off. 

So anyway, is Spotify for the dogs now?",,321jamjar,1725020335.0,https://reddit.com/r/spotify/comments/1f4ttke/repeating_songs_in_single_listening_session/,2026-06-20T10:21:37.069031+00:00,"{'subreddit': 'spotify', 'score': 1, 'num_comments': 0, 'query': 'repeat listening'}"
reddit,Drop your playlists!,I feel as if I have been listening to a lot of the same  music for months now and am in desperate need to branch out and hear new things. I listen to practically any genre!,,Top-Week2594,1747001218,https://reddit.com/r/spotify/comments/1kkcq6b/drop_your_playlists/,2026-06-20T10:21:48.081122+00:00,"{'subreddit': 'spotify', 'score': 117, 'num_comments': 267, 'query': 'new music'}"
reddit,Help me with find some playlists for new music.,"Looking for new music the below list some of my all time favourites. Don’t want playlists featuring these artists but gives you an idea of the styles.

Sonic Youth, The Fall, Joydivision, The Cure.

Ride, My bloody valentine. 

Cheap Trick, Big Star, David Bowie. 

Kraftwerk, Early Tangerine Dream, Faust.

Chemical Brothers, The Prodigy, 

Gesaffelstein, Forest Sword.

Thundercat, Frank Zappa, Rush, King Crimson.

Hendrix, Credence.

Ulver, Darkthrone, Earth.

Willie Nelson, electric Dylan.",,Billyjamesjeff,1747618386,https://reddit.com/r/spotify/comments/1kpzxi7/help_me_with_find_some_playlists_for_new_music/,2026-06-20T10:21:48.081182+00:00,"{'subreddit': 'spotify', 'score': 21, 'num_comments': 37, 'query': 'new music'}"
reddit,Wanna be spotify friends?,"I don't have a ton of playlists yet but I love seeing what people are listening to and love discovering new music. Also I follow a lot of lesser known artists.

[https://open.spotify.com/user/314as7ertwdr2zzyu25oqwcdsha4](https://open.spotify.com/user/314as7ertwdr2zzyu25oqwcdsha4)

(note: this is a repost. Original got deleted due to incorrect flair)",,tommyschenker,1747322792,https://reddit.com/r/spotify/comments/1knb13s/wanna_be_spotify_friends/,2026-06-20T10:21:48.081192+00:00,"{'subreddit': 'spotify', 'score': 14, 'num_comments': 72, 'query': 'new music'}"
reddit,Not playing all songs?,"I’m fairly new to the service after being coerced by the family to switch from Apple Music.

When I go to an artist’s page and hit the shuffle icon and press play, I feel like it’s not playing ALL of the artist’s songs. Is it just me? 

Example I just discovered a band and I wanted to hear the entire discography, any and all of their songs. However, as I listen to each album individually, I swear, when it’s on shuffle, it has never played some of these songs. 

Also, mildly infuriating that I can’t seem to find a list of every song the artist has done. I want to see an entire list of them. I see discography, I see popular songs which is only top 10, and playlists that feature the artist, but not just a “songs” category or am I blind?

So far not so great impression. Thanks.🙏🏼",,National-Still3123,1747085456,https://reddit.com/r/spotify/comments/1kl4n7i/not_playing_all_songs/,2026-06-20T10:21:48.090523+00:00,"{'subreddit': 'spotify', 'score': 6, 'num_comments': 3, 'query': 'new music'}"
reddit,looking for new music!!!,"show me your FAVORITE songs, maybe I’ll give my thoughts idk",,Ch103_E09,1747515034,https://reddit.com/r/spotify/comments/1kp2z6r/looking_for_new_music/,2026-06-20T10:21:48.090644+00:00,"{'subreddit': 'spotify', 'score': 5, 'num_comments': 38, 'query': 'new music'}"
reddit,Did they fix smart shuffle?,"Basically, about a year ago I switched from Spotify which I had been using for four years to Apple Music because the ""smart"" shuffle feature drove me nuts. It took at least a minute to generate the new songs and wouldn't let me use normal shuffle until after waiting for those new songs to generate. I always listen to playlists on shuffle and am not interested in ""smart/recommended"" music whatsoever. I love Apple Music but the layout of the playlists just isn't user friendly, I liked that with Spotify it would always open to the library screen and I could immediately tap on my playlist. Apple Music makes you navigate to the playlists section and then scroll to find your playlist (can't pin them) so I have sort of stopped listening to music. I'd like to switch back to Spotify, but don't really want to waste $13 just to check if smart shuffle is still there. Can anyone tell me if this feature has changed and how? Thank you.",,Ok_Competition3539,1745590754.0,https://reddit.com/r/spotify/comments/1k7m3rx/did_they_fix_smart_shuffle/,2026-06-20T10:21:48.090743+00:00,"{'subreddit': 'spotify', 'score': 3, 'num_comments': 15, 'query': 'new music'}"
reddit,need more music + playlists + mutuals,"my spotify is linked, drop some playlists if we have similar music or suggest some things! follow or leave your spotify so I can find new music !!!",,twizzy-tonka,1747266726,https://reddit.com/r/spotify/comments/1kmu94h/need_more_music_playlists_mutuals/,2026-06-20T10:21:48.090837+00:00,"{'subreddit': 'spotify', 'score': 3, 'num_comments': 9, 'query': 'new music'}"
reddit,Is anyone else frustrated by how hard it is to find new music now on Spotify?,"Long-time Spotify user here, premium member for 8 years at least. I remember when I used to find so much new music on Spotify. I realise that I'm getting less and less new music offered to me, and I'm getting tired of what I'm listening to on repeat.

* Discover Weekly doesn't seem to offer up as much good stuff anymore, I'll be lucky to get 1 keeper a week.
* The options on Home are ""Made for Me"" (songs/bands I have already listened to) ""Top Mixes"" (same) ""Uniquely Yours"" (more of the same) ""Based on your recent listening"" (saaaame) ""Your favourite artists"" (need I say more)
* ""New Releases For You"" ok it's new, but it's from artists I already know/have listened to?
* Even choosing ""song radio"", which used to be a solid bet, now seems to prioritise music from my playlists
* Somehow, all song radios eventually play ""Sultans of Swing"" - please tell me I'm not the only one this happens to (only on one of my playlists, I'm not even a huge Dire Straits fan, honest).

Thanks for reading my rant.",,HospitaletTower,1726738231.0,https://reddit.com/r/spotify/comments/1fkgr1f/is_anyone_else_frustrated_by_how_hard_it_is_to/,2026-06-20T11:43:07.412999+00:00,"{'subreddit': 'spotify', 'score': 539, 'num_comments': 223, 'query': 'discover weekly'}"
reddit,I think someone entered in my account,"Since last week, and even before, I have to login in my account like once a day, but when I put the password it says that it’s wrong, even if I changed it myself the day before. I also noticed that I got some new music in “continue to listen”, even if I listen to a completely different genre. (I got country music and I listen to Italian rap). I think that someone hacked and  is listening to music with my account. I didn’t find anything helpful on their site. Please help me, how can I resolve?",,Davidauz09,1747287985,https://reddit.com/r/spotify/comments/1kn0rwo/i_think_someone_entered_in_my_account/,2026-06-20T11:45:02.035523+00:00,"{'subreddit': 'spotify', 'score': 2, 'num_comments': 2, 'query': 'new music'}"
social_media,Dothot.dog – Spotify music discovery platform,Dothot.dog – Spotify music discovery platform,,itzprintz,2020-08-15T09:50:26Z,https://news.ycombinator.com/item?id=24167557,2026-06-20T10:18:51.860214+00:00,"{'source': 'hackernews', 'points': 12}"
social_media,Spotify’s ‘Discovery Mode’ Being Probed by US House of Reps Judiciary Committee,Spotify’s ‘Discovery Mode’ Being Probed by US House of Reps Judiciary Committee,,adrian_mrd,2021-06-04T07:15:08Z,https://news.ycombinator.com/item?id=27391397,2026-06-20T10:18:51.860269+00:00,"{'source': 'hackernews', 'points': 2}"
social_media,Spotify Kills Discovery With Discovery Tab,Spotify Kills Discovery With Discovery Tab,,rpsubhub,2012-12-08T17:58:39Z,https://news.ycombinator.com/item?id=4892194,2026-06-20T10:18:51.860284+00:00,"{'source': 'hackernews', 'points': 1}"
social_media,"Forget Discovery, Spotify Should Focus on Social Curation","Forget Discovery, Spotify Should Focus on Social Curation",,regandersong,2013-08-07T10:07:59Z,https://news.ycombinator.com/item?id=6171800,2026-06-20T10:18:51.860296+00:00,"{'source': 'hackernews', 'points': 1}"
social_media,Spotify solves discovery by discovering music ain’t so social after all,Spotify solves discovery by discovering music ain’t so social after all,,admp,2012-12-07T17:04:07Z,https://news.ycombinator.com/item?id=4887871,2026-06-20T10:18:51.860310+00:00,"{'source': 'hackernews', 'points': 1}"
social_media,Ask HN: How do you discover music?,Spotify&#x27;s discovery algorithm? Radio? Soundcloud?,,yoshua921,2022-09-14T11:11:09Z,https://news.ycombinator.com/item?id=32835559,2026-06-20T10:18:51.860320+00:00,"{'source': 'hackernews', 'points': 73}"
social_media,An odd discovery on Spotify,An odd discovery on Spotify,,breathenow,2022-08-23T00:30:52Z,https://news.ycombinator.com/item?id=32559119,2026-06-20T10:18:51.860329+00:00,"{'source': 'hackernews', 'points': 1056}"
social_media,"The Paradox of Music Discovery, the Spotify Way","The Paradox of Music Discovery, the Spotify Way",,CrypticShift,2025-02-17T11:57:46Z,https://news.ycombinator.com/item?id=43077965,2026-06-20T10:18:51.860338+00:00,"{'source': 'hackernews', 'points': 3}"
social_media,Show HN: Fyne – Spotify for restaurant discovery,Show HN: Fyne – Spotify for restaurant discovery,,ramanshrivastav,2014-09-16T08:15:15Z,https://news.ycombinator.com/item?id=8323516,2026-06-20T10:18:51.860349+00:00,"{'source': 'hackernews', 'points': 2}"
social_media,"Show HN: Unheard.fm – No-repeat, user-controlled music discovery for Spotify","Hey HN,<p>My name is Max. After a sabbatical from the corporate world, I turned a passion project into a full web app: Unheard.FM.<p>What is it?<p>Unheard.FM is a music discovery web app for Spotify that selects tracks based on your direct preferences instead of listening habits, and provides fresh results by excluding your &quot;known&quot; tracks. (No paid sponsors here.)<p>Why did I build this? A few reasons...<p>1. I was getting tired of getting too similar or repeat
recommendations from Spotify and thus wasn&#x27;t getting out of my music &quot;comfort zone&quot;
enough.<p>2. I was looking for ways to source more tracks of specific types of music and
didn&#x27;t just want &quot;popular&quot; music.<p>3. I listen to a lot of music and didn&#x27;t want to wait for new curated
playlists to drop.<p>How is it different from other music discovery apps?<p>* Your discovery model is completely transparent and controllable by you<p>* Not based on Spotify&#x27;s recommendation API or sponsorships. The engine simply:<p><pre><code>  - Selects random sets of tracks by provided seeds (years, genres, desired popularity distribution)
  - Filters by provided excludes (artists, genres, track attributes, etc)
</code></pre>
* Results are always fresh since your liked, playlist, top, and recently played tracks are filtered automatically<p>* Local-first: Known tracks are cached on your device; no listening history is stored server-side.<p>Backstory<p>This started as a Python CLI. I was in a competition with my (now) wife to create an ultimate playlist for a random year (I had 1962). I had issues using the Spotify client to get enough year-based
content, so I wrote a CLI to fetch a random set of tracks for a year (Spotify API). Random year-based discovery turned out to be surprisingly fun (and often hilarious), so I kept adding features...Then I wanted to use it from anywhere, so I built a quick static react web app (literally a single page form) and hosted
it via a S3 bucket... many years later it grew into Unheard.FM.<p>The Stack<p>React frontend + serverless backend (AWS + FastAPI). Most discovery logic runs client-side; the backend mainly mediates Spotify auth and serves lightweight discovery APIs.<p>What&#x27;s Next?<p>This project still has a long way to go!... but a few things on my roadmap include:<p>* Regional Filtering (by far the biggest user ask thus far, but also the most difficult to execute on)<p>* More UX improvements (additional filters, better nav, optimized desktop view)<p>* Multiple &quot;discovery models&quot; &#x2F; sharing<p>* Support of other music platforms (Apple Music, YouTube)<p>* Exploring a potential paid tier to help fund development and cover costs, which might include: Multi config, advanced filters, bigger playlists &#x2F; feeds.<p>Hope y&#x27;all have some fun with it. Any and all feedback is much appreciated!",,perrym137,2025-09-11T19:04:49Z,https://news.ycombinator.com/item?id=45215012,2026-06-20T10:18:51.860414+00:00,"{'source': 'hackernews', 'points': 2}"
social_media,"Show HN: November App, Spotify for people discovery","Each day, discover 5 new people from across the world. Listen to their audio interviews and message anyone that piques your interest.<p>You can also record your own answers so that your profile will be shown to others.<p>It has both android and ios versions.<p>Being big fans of podcasts in general, and us wanting to make everyday people have their own podcast or share about themselves in their own voices, we wanted to build this. And make it easy for others to discover them.",,pycassa,2022-10-10T15:58:33Z,https://news.ycombinator.com/item?id=33153040,2026-06-20T10:18:51.860426+00:00,"{'source': 'hackernews', 'points': 2}"
social_media,How Spotify revolutionized podcast discovery,How Spotify revolutionized podcast discovery,,karanke,2020-08-16T00:13:18Z,https://news.ycombinator.com/item?id=24173611,2026-06-20T10:18:51.860435+00:00,"{'source': 'hackernews', 'points': 2}"
social_media,Show HN: Discoverify – A Spotify-based music discovery tool,Show HN: Discoverify – A Spotify-based music discovery tool,,amamparo,2020-08-11T15:34:28Z,https://news.ycombinator.com/item?id=24121446,2026-06-20T10:18:51.860447+00:00,"{'source': 'hackernews', 'points': 1}"
social_media,First Look: Spotify with Music Discovery Apps and Google-like Search,First Look: Spotify with Music Discovery Apps and Google-like Search,,meganrosedickey,2011-11-30T23:03:24Z,https://news.ycombinator.com/item?id=3297299,2026-06-20T10:18:51.860456+00:00,"{'source': 'hackernews', 'points': 1}"
social_media,Redefining Music Discovery on Spotify,Redefining Music Discovery on Spotify,,lbldit,2018-02-11T09:57:23Z,https://news.ycombinator.com/item?id=16352022,2026-06-20T10:18:51.860474+00:00,"{'source': 'hackernews', 'points': 1}"
social_media,Show HN: I built a festival tracker that matches lineups to your music library,"Hi HN,<p>I built this app because I was tired of manually checking festival lineups against my music library every summer. I wanted a way to instantly see which festivals had the highest &#x27;match&#x27; density for my specific taste.<p>Why I built this:<p>I missed one of my favorite artists at a festival last year simply because I didn&#x27;t recognize their name on a crowded poster. I realized that with Apple Music&#x2F;Spotify APIs, this discovery process should be automated.<p>Key Features:<p>Library Matching:
It scans your library and ranks upcoming festivals by how many artists you actually follow.<p>Apple Sync: 
Seamlessly imports your top artists and creates custom schedules.<p>Offline-First:
Since festival cell service is notoriously terrible, I focused on a robust local caching system so your schedule and maps work without a signal.<p>Technical Details:<p>Stack:
React Native, MongoDB, AWS.<p>Data:
I built a custom aggregator that scrapes and normalizes lineup data from various sources to handle the &#x27;entity resolution&#x27; problem (e.g., ensuring &#x27;Artist A&#x27; is the same person across different posters).<p>Privacy:
All music library analysis is performed locally on-device where possible.
I&#x27;d love to hear your thoughts on the UI or any technical questions about the matching logic. I’m also looking for feedback on how to improve the schedule-sharing feature for groups!<p>How do you find concerts&#x2F;music festivals that match your taste? How many festivals you join per year?<p>Cheers!",,kirilldn,2026-02-08T13:53:16Z,https://news.ycombinator.com/item?id=46934190,2026-06-20T10:18:51.860510+00:00,"{'source': 'hackernews', 'points': 9}"
social_media,Show HN: This One – Discover Things You Truly Love,"Hey HN! My name’s Priya and I’m helping to build a company with the mission of helping people discover things they truly love, starting with movies.<p>The problem: On average, it takes someone 19mins to find the right film for the mood, and most of the time that film is not the right one, with platforms optimising for other things.<p>Our solution: We’ve built an iPhone app that asks you what you love, identifies the &quot;vibes&quot; within your taste, and recommends movies that align with those vibes.<p>To download: Download the &#x27;Testflight&#x27; app then click this link: http:&#x2F;&#x2F;www.this.one&#x2F;hackernews<p>1m product demo: https:&#x2F;&#x2F;youtu.be&#x2F;jHCbNvmzW6A<p>Our team previously helped build music-discovery at Spotify, and we’re now creating this app to help movie-lovers discover and discuss awesome films. We’re still super-early, and we’re psyched to be sharing with HN! We&#x27;d be very grateful for any feedback and questions are massively appreciated - either on HN, or you can reach me via email: priya@this.one.<p>Thanks in advance!",,priyashiv,2023-04-12T13:45:06Z,https://news.ycombinator.com/item?id=35539541,2026-06-20T10:18:51.860539+00:00,"{'source': 'hackernews', 'points': 1}"
social_media,How to break free of Spotify's algorithm,How to break free of Spotify's algorithm,,t0bia_s,2024-08-17T06:35:08Z,https://news.ycombinator.com/item?id=41272454,2026-06-20T10:18:51.860553+00:00,"{'source': 'hackernews', 'points': 5}"
social_media,Spotify to offer algorithmic boost in exchange for lower royalty payments,Spotify to offer algorithmic boost in exchange for lower royalty payments,,dmart,2020-11-02T19:59:14Z,https://news.ycombinator.com/item?id=24972456,2026-06-20T10:18:51.860566+00:00,"{'source': 'hackernews', 'points': 4}"
social_media,Dislike button would improve Spotify's recommendations,Dislike button would improve Spotify's recommendations,,aww_dang,2021-10-16T18:49:23Z,https://news.ycombinator.com/item?id=28890343,2026-06-20T10:18:54.007008+00:00,"{'source': 'hackernews', 'points': 881}"
social_media,Show HN: Selecta – Tune Your Own Spotify Recommendation Algorithm,"I posted here a while back with this app I&#x27;d been working on. In short:<p>It allows you to talk to Spotify&#x27;s recommendations API to specify musical features you&#x27;d like recommendations similar to.<p>It&#x27;s loads of fun to mess around with, and I&#x27;ve given it an overhaul to include many more dimensions ito. musical features, as well as the ability to log in with Spotify, and save things you find to a playlist. You don&#x27;t need a subscription to Spotify to use the app either.<p>Thanks to @Mockapapella for the tagline when I posted the first version: <a href=""https:&#x2F;&#x2F;news.ycombinator.com&#x2F;item?id=35907215"">https:&#x2F;&#x2F;news.ycombinator.com&#x2F;item?id=35907215</a>",,parabyl,2023-07-28T14:42:22Z,https://news.ycombinator.com/item?id=36907504,2026-06-20T10:18:54.007064+00:00,"{'source': 'hackernews', 'points': 69}"
social_media,Show HN: A Tool for DJs to Talk to Spotify's Recommendations API,Show HN: A Tool for DJs to Talk to Spotify's Recommendations API,,parabyl,2023-05-11T19:29:01Z,https://news.ycombinator.com/item?id=35907215,2026-06-20T10:18:54.007079+00:00,"{'source': 'hackernews', 'points': 9}"
social_media,Show HN: Music Time for Spotify – song recommendations to get you in flow,Show HN: Music Time for Spotify – song recommendations to get you in flow,,software_hq,2020-06-11T17:02:06Z,https://news.ycombinator.com/item?id=23490875,2026-06-20T10:18:54.007096+00:00,"{'source': 'hackernews', 'points': 7}"
social_media,A network graph analysis of Spotify podcast recommendations,A network graph analysis of Spotify podcast recommendations,,misener,2022-08-22T11:17:49Z,https://news.ycombinator.com/item?id=32549895,2026-06-20T10:18:54.007107+00:00,"{'source': 'hackernews', 'points': 3}"
social_media,Repurposing Claude Code for Better Spotify Recommendations,Repurposing Claude Code for Better Spotify Recommendations,,mecredis,2026-03-02T17:47:42Z,https://news.ycombinator.com/item?id=47221385,2026-06-20T10:18:54.007119+00:00,"{'source': 'hackernews', 'points': 3}"
social_media,How to Build a Spotify Recommendation Engine Using Kafka and Memgraph,How to Build a Spotify Recommendation Engine Using Kafka and Memgraph,,mrbbk,2021-10-18T17:43:34Z,https://news.ycombinator.com/item?id=28908271,2026-06-20T10:18:54.007130+00:00,"{'source': 'hackernews', 'points': 3}"
social_media,More tracks like this - A Spotify song recommendation engine,More tracks like this - A Spotify song recommendation engine,,andy_mason,2010-07-25T12:41:08Z,https://news.ycombinator.com/item?id=1545454,2026-06-20T10:18:54.007142+00:00,"{'source': 'hackernews', 'points': 2}"
social_media,Show HN: Tuuuner – A Spotify Recommendation Tool,Show HN: Tuuuner – A Spotify Recommendation Tool,,jambo135,2024-11-10T11:36:56Z,https://news.ycombinator.com/item?id=42099673,2026-06-20T10:18:54.007157+00:00,"{'source': 'hackernews', 'points': 2}"
social_media,‘Dislike’ button would improve Spotify’s recommendations,‘Dislike’ button would improve Spotify’s recommendations,,sizzle,2021-09-22T16:58:08Z,https://news.ycombinator.com/item?id=28618723,2026-06-20T10:18:54.007172+00:00,"{'source': 'hackernews', 'points': 2}"
social_media,'Dislike' button would improve Spotify's recommendations,'Dislike' button would improve Spotify's recommendations,,joeyespo,2021-09-17T16:04:06Z,https://news.ycombinator.com/item?id=28567070,2026-06-20T10:18:54.007184+00:00,"{'source': 'hackernews', 'points': 2}"
social_media,I made a map of Spotify podcast recommendations. Here's what I learned,I made a map of Spotify podcast recommendations. Here's what I learned,,giuliomagnifico,2022-08-25T05:45:49Z,https://news.ycombinator.com/item?id=32589985,2026-06-20T10:18:54.007195+00:00,"{'source': 'hackernews', 'points': 1}"
social_media,You can tweak Spotify's recommendation tech to create custom playlists,You can tweak Spotify's recommendation tech to create custom playlists,,spacemanspiffy,2018-02-05T19:45:56Z,https://news.ycombinator.com/item?id=16311443,2026-06-20T10:18:54.007206+00:00,"{'source': 'hackernews', 'points': 1}"
social_media,Ask HN: How do you discover new music?,"How do you find new music these days like Nirvana, GNR, Metallica, or Kula Shaker?  I use YT, Amazon Music, and Spotify.<p>Recommendation algos sometimes surface artists I haven&#x27;t heard, but from the same time period. Or they will mix them up and after a rock song, it might play a rock-a-bye-baby lullaby. I need this feature, &quot;Since you like Estranged you might like XYZ: a new emerging artist, with excellent lyrics and guitar.&quot;<p>Are we just not there yet in terms of tech? Or is this user error?",,karanmg,2022-09-14T18:03:27Z,https://news.ycombinator.com/item?id=32840864,2026-06-20T10:18:54.007220+00:00,"{'source': 'hackernews', 'points': 24}"
social_media,Ask HN: What do you listen to while coding (and how)?,"Personally I like to listen to electronic music (vocal trance, chillstep, etc) or chillout. However, I haven&#x27;t been able to find a site that gives a continuous stream of good music. So I usually browse mixes on Youtube or mixcloud.com. It gets quite annoying having to manage music every hour or so though.<p>I&#x27;ve never been happy with Pandora or Spotify, their recommendation algorithms bring up the same music (and artists) over and over again.<p>Any recommendations (also open to other types of music)?",,dennybritz,2014-06-21T03:21:26Z,https://news.ycombinator.com/item?id=7924043,2026-06-20T10:18:54.007234+00:00,"{'source': 'hackernews', 'points': 24}"
social_media,Ask HN: How do you find new music?,"I feel like Spotify recommendations, artist radio, and &quot;Discovery Weekly&quot; has become an echo chamber of music that&#x27;s fine, but isn&#x27;t that interesting, or new. What are some better ways to discover new music?",,eiiot,2023-05-18T20:39:40Z,https://news.ycombinator.com/item?id=35993740,2026-06-20T10:18:54.007246+00:00,"{'source': 'hackernews', 'points': 19}"
social_media,My Tastemaker service helps you to discover new music every day,"I love the Spotify recommendations, but they mostly recommend me the same music I am already listening to. Because of this I did build [Tastemaker](https:&#x2F;&#x2F;tastemaker.cc) a web service that analyses your Spotify taste and recommends music you would normally not listen to.<p>At the moment there are three available playlists you can subscribe to which are then recalculated every night (4 am - CET, sorry Americans for you it is in the late evening):<p>* [Newcomers](https:&#x2F;&#x2F;tastemaker.cc&#x2F;newcomers) Analyses your taste and recommends you unknown musicians. <i>I did find quite some new german Indie artists with less than 100 listeners per month with it</i><p>* [ProducerPower](https:&#x2F;&#x2F;tastemaker.cc&#x2F;producerpower) Finds out the producers of your favorite songs and recommends you other songs they worked on. <i>The producers form the sound quite a lot of a song</i><p>* [Tastebreaker](https:&#x2F;&#x2F;tastemaker.cc&#x2F;tastebreaker) Checks your taste and recommends you songs from genres you normally don&#x27;t listen to <i>This playlists showed me some awesome Russian Pop songs</i><p>Thank you folks for reading until here and maybe also trying my service. Please be patient as it is still in an early phase and I have now clue if the server is strong enough for a lot of users from Reddit. (Until now it is me and some friends from uni using it)<p>All the best from Berlin!<p>p.S. To subscribe to a playlist click the &quot;Get it on Spotify&quot;-Button, login to your Spotify and allow the access. (Yes I know it requires quite some privileges, but without that it can not gather your taste)<p>p.p.S. I know it requires quite some privileges, but otherwise it can not gather your taste. If you just want to tip your toe into the water you can checkout [the public playlists](https:&#x2F;&#x2F;tastemaker.cc&#x2F;public) as all ProducerPower playlists are public",,l1am0,2021-02-25T19:24:47Z,https://news.ycombinator.com/item?id=26267021,2026-06-20T10:18:54.007261+00:00,"{'source': 'hackernews', 'points': 7}"
social_media,Show HN: The soundtrack machine that creates a unique playlist with one sentence,"Yoo HN —<p>I just launched my app Feels based off weekly playlists I’ve been making since Feb 2021!<p>I’ve created 100+ playlists up to this point and realized that these playlists are actually pretty sick, but creating them every week is no easy task lol.<p>Now there is an easy way for everyone to make their own “Weekly Feels” playlist. You’ll get a generated title, description, image, and 15 songs that are all based off your one sentence.<p>How does it work?
Uses ChatGPT + Spotify recommendation API to get recommended artists, generate a Spotify title + description. Pretty cool tech used in a cool way!<p>Check out some playlists Feels has already created:
Metalcore Mayhem -- <a href=""https:&#x2F;&#x2F;open.spotify.com&#x2F;playlist&#x2F;19rGQ2QR7VDV1NJtPGu9Vg?si=eb8e1c8c3a594553"" rel=""nofollow"">https:&#x2F;&#x2F;open.spotify.com&#x2F;playlist&#x2F;19rGQ2QR7VDV1NJtPGu9Vg?si=...</a>)<p>Baby Shower with Tay -- <a href=""https:&#x2F;&#x2F;open.spotify.com&#x2F;playlist&#x2F;0KavjYM8amQIClB54Y72Xe?si=57436df9e83241dd"" rel=""nofollow"">https:&#x2F;&#x2F;open.spotify.com&#x2F;playlist&#x2F;0KavjYM8amQIClB54Y72Xe?si=...</a><p>Ty for checking it out and would love any initial thoughts on this thing! If it’s shit lemme know!",,adilanchian,2023-03-19T18:17:41Z,https://news.ycombinator.com/item?id=35221885,2026-06-20T10:18:54.007314+00:00,"{'source': 'hackernews', 'points': 4}"
social_media,Show HN: Break out of your Spotify bubble with my tastemaker service,"I love the Spotify recommendations, but they mostly recommend me the same music all over again. To fight (what a harsh word) this issue I did build 𝘁𝗮𝘀𝘁𝗲𝗺𝗮𝗸𝗲𝗿™[0] a web service that auto creates unique playlists for your taste, but tries to not recommend you music that you already know.<p>At the moment there are three available playlists you can subscribe to which are then recalculated every night (4 am - CET, sorry Americans for you it is in the late evening):<p>- 𝗡𝗲𝘄𝗰𝗼𝗺𝗲𝗿𝘀™[1] Analyses your taste and recommends you unknown musicians. 𝐼 𝑑𝑖𝑑 𝑓𝑖𝑛𝑑 𝑞𝑢𝑖𝑡𝑒 𝑠𝑜𝑚𝑒 𝑛𝑒𝑤 𝐺𝑒𝑟𝑚𝑎𝑛 𝐼𝑛𝑑𝑖𝑒 𝑎𝑟𝑡𝑖𝑠𝑡𝑠 𝑤𝑖𝑡ℎ 𝑙𝑒𝑠𝑠 𝑡ℎ𝑎𝑛 100 𝑙𝑖𝑠𝑡𝑒𝑛𝑒𝑟𝑠 𝑝𝑒𝑟 𝑚𝑜𝑛𝑡ℎ 𝑤𝑖𝑡ℎ 𝑖𝑡<p>- 𝗣𝗿𝗼𝗱𝘂𝗰𝗲𝗿𝗣𝗼𝘄𝗲𝗿™[2] Finds out the producers of your favorite songs and recommends you other songs they worked on. 𝑇ℎ𝑒 𝑝𝑟𝑜𝑑𝑢𝑐𝑒𝑟𝑠 𝑓𝑜𝑟𝑚 𝑡ℎ𝑒 𝑠𝑜𝑢𝑛𝑑 𝑞𝑢𝑖𝑡𝑒 𝑎 𝑙𝑜𝑡 𝑜𝑓 𝑎 𝑠𝑜𝑛𝑔<p>- 𝗧𝗮𝘀𝘁𝗲𝗯𝗿𝗲𝗮𝗸𝗲𝗿™[3] Checks your taste and recommends you songs from genres you normally don&#x27;t listen to 𝑇ℎ𝑖𝑠 𝑝𝑙𝑎𝑦𝑙𝑖𝑠𝑡𝑠 𝑠ℎ𝑜𝑤𝑒𝑑 𝑚𝑒 𝑠𝑜𝑚𝑒 𝑎𝑤𝑒𝑠𝑜𝑚𝑒 𝑅𝑢𝑠𝑠𝑖𝑎𝑛 𝑃𝑜𝑝 𝑠𝑜𝑛𝑔𝑠<p>Thank you folks for reading until here and maybe also trying my service. Please be patient as it is still in an early phase and I have now clue if the server is strong enough for a lot of users from HN. (Or better: I am quite sure it is not)<p>All the best from Berlin!<p>p.S. Yes I claim the ™ symbol to be a symbol for 𝗧aste 𝗠aker<p>p.p.S. To subscribe to a playlist click the *&quot;Get it on Spotify&quot;-Button, login to your Spotify and allow the access. (Yes I know it requires quite some privileges, but without that it can not gather your taste)<p>[0] https:&#x2F;&#x2F;tastemaker.cc<p>[1] https:&#x2F;&#x2F;tastemaker.cc&#x2F;newcomers<p>[2] https:&#x2F;&#x2F;tastemaker.cc&#x2F;producerpower<p>[3] https:&#x2F;&#x2F;tastemaker.cc&#x2F;tastebreaker",,l1am0,2021-02-17T21:42:07Z,https://news.ycombinator.com/item?id=26172179,2026-06-20T10:18:54.017181+00:00,"{'source': 'hackernews', 'points': 3}"
social_media,Ask HN: Are there any tools to find similar YouTube channels?,"Similar to Spotify&#x27;s music recommendation algorithm, are there any third-party YouTube tools that show &quot;people who have subscribed to this channel are likely to have subscribed to this other channel&quot;?",,scottmcdot,2017-09-03T22:15:59Z,https://news.ycombinator.com/item?id=15164262,2026-06-20T10:18:54.017224+00:00,"{'source': 'hackernews', 'points': 2}"
social_media,Explore Spotify Without Algorithm,Explore Spotify Without Algorithm,,fjcloud,2025-03-13T13:49:46Z,https://news.ycombinator.com/item?id=43353337,2026-06-20T10:18:55.976657+00:00,"{'source': 'hackernews', 'points': 3}"
social_media,Spotify’s Algorithm Knows What You Want to Listen To,Spotify’s Algorithm Knows What You Want to Listen To,,bryanrasmussen,2019-11-23T08:46:43Z,https://news.ycombinator.com/item?id=21613145,2026-06-20T10:18:55.976687+00:00,"{'source': 'hackernews', 'points': 2}"
social_media,Every Noise at Once – algorithmic Spotify playlists,Every Noise at Once – algorithmic Spotify playlists,,extesy,2022-08-10T15:36:45Z,https://news.ycombinator.com/item?id=32413765,2026-06-20T10:18:55.976706+00:00,"{'source': 'hackernews', 'points': 2}"
social_media,How Spotify’s Shuffle Algorithm Works,How Spotify’s Shuffle Algorithm Works,,mtmail,2021-05-03T23:40:43Z,https://news.ycombinator.com/item?id=27032320,2026-06-20T10:18:55.976724+00:00,"{'source': 'hackernews', 'points': 2}"
social_media,Spotify algorithm deleted Kaigan Carrie growing show after 48h,Spotify algorithm deleted Kaigan Carrie growing show after 48h,,giuliomagnifico,2024-03-07T17:01:16Z,https://news.ycombinator.com/item?id=39631346,2026-06-20T10:18:55.976739+00:00,"{'source': 'hackernews', 'points': 1}"
social_media,Defeat the Spotify Algorithm with All Your Weird Emotions,Defeat the Spotify Algorithm with All Your Weird Emotions,,DarkContinent,2016-05-27T16:02:06Z,https://news.ycombinator.com/item?id=11786879,2026-06-20T10:18:55.976767+00:00,"{'source': 'hackernews', 'points': 1}"
social_media,How Apple Music’s Human DJs Compare to Spotify’s Algorithms,How Apple Music’s Human DJs Compare to Spotify’s Algorithms,,indus,2015-09-22T14:48:21Z,https://news.ycombinator.com/item?id=10258914,2026-06-20T10:18:55.976783+00:00,"{'source': 'hackernews', 'points': 1}"
social_media,Ask HN: Why is Spotify playing so many covers?,"Over the past few months I’ve noticed Spotify’s algorithm playing more and more covers, especially on my Discover Weekly playlist. I first noticed it with a bad “Harvest Moon” version the week after Neil Young pulled his catalog. Since then the volume of covers has increased substantially, a mix of straight covers and instrumental or jazz renditions of indie&#x2F;rock songs. A couple weeks ago it got to the point where my Discover Weekly played 6 covers in a row.<p>Is this intentional on Spotify’s part? Do these covers have cheaper royalties than the originals? Have I somehow trained their model to think this is what I love? Does not skipping songs tagged as covers quickly enough train the model to think I like them? Maybe because I listen to lots of rock, jazz and classical the algorithm thinks a jazz interpretation of “Iron Man” is what I love?  It feels like if you “over trained” and ruined a good Pandora station way back when.<p>Spotify used to be an excellent source for music discovery but these covers are straight up aggravating. Between this and their hostile UI changes pushing podcasts (I will never use Spotify for podcasts) I’m becoming motivated to jump ship.",,mrobins,2022-09-16T13:09:18Z,https://news.ycombinator.com/item?id=32865593,2026-06-20T10:18:55.976828+00:00,"{'source': 'hackernews', 'points': 9}"
social_media,BlackTape – open-source music discovery built on MusicBrainz and Discogs,"I built a music discovery app. It&#x27;s open source now.<p><pre><code>  BlackTape uses MusicBrainz and Discogs — open, community-maintained databases — to index artists and rank them by how unique they are within their genre. The more niche the artist, the higher they surface. It&#x27;s the   
  inverse of how Spotify&#x27;s algorithm works.

  I got frustrated watching recommendation algorithms flatten discovery. The same artists keep surfacing out of 10+ million indexed. MusicBrainz has 2.6 million artists catalogued with rich genre tags, scene data, and  
  regional metadata. Discogs has release metadata going back 80 years. Combine those two databases and score artists by distinctiveness rather than popularity, and the discovery space opens up completely.

  What it does:

  - Search by genre&#x2F;scene with atomic tag combinations

  - Discover feed ranked by uniqueness score (rare = surfaceable)

  - Full artist pages: discography, tags, related artists, scene data

  - Spotify playback integration (optional)

  - Time Machine: browse artists by decade

  - Style Map: visual genre&#x2F;scene navigation

  - Knowledge Base: genre relationship graph

  No tracking, no platform API dependency for the core discovery data. Desktop app built with Tauri + SvelteKit.

  GitHub: https:&#x2F;&#x2F;github.com&#x2F;AllTheMachines&#x2F;BlackTape

  Site: https:&#x2F;&#x2F;blacktape.org

  Happy to talk about the MusicBrainz pipeline, the uniqueness scoring, or the open-data approach to discovery.</code></pre>",,Blacktape,2026-03-03T00:11:40Z,https://news.ycombinator.com/item?id=47226140,2026-06-20T10:18:55.976869+00:00,"{'source': 'hackernews', 'points': 8}"
social_media,"Show HN: Vibes – Discover music through human stories, not algorithms","Hey HN,<p>I built Vibes because I got frustrated with Spotify&#x27;s algorithm-driven recommendations and the endless scroll through the same mainstream tracks. Music discovery felt sterile—no context, no stories, just cold data points.<p>Vibes is a web app where people share song recommendations with the human stories behind them (&quot;this song got me through my breakup,&quot; &quot;perfect for 3am overthinking sessions&quot;).<p>Each recommendation disappears once discovered, creating genuine exclusivity and serendipity.<p>- Web-based, no accounts needed to discover music
- Every song comes with emotional context and personal stories
- Recommendations disappear once found (no infinite scrolling through the same tracks)
- Community votes for &quot;Song of the Week&quot;
- Discovery through human curation, not algorithms<p>The idea came from realizing that the best music recommendations always came from friends telling me why a song mattered to them, not from an AI analyzing my listening patterns. Built it as a love letter to the pre-algorithm era when music discovery felt more personal and surprising.<p>Try it at sharevibes.app. Would love feedback from the community!",,lucascliberato,2025-07-08T18:04:24Z,https://news.ycombinator.com/item?id=44502476,2026-06-20T10:18:55.976904+00:00,"{'source': 'hackernews', 'points': 2}"
social_media,Show HN: I built music discovery where songs disappear forever,"Hey HN, I&#x27;m Lucas.<p>It&#x27;s unreal how Spotify&#x27;s algorithm shows us the same songs while amazing music stays hidden in plain sight.<p>What if we discovered music through human stories instead of cold algorithms?<p>That&#x27;s why I created Vibes: To help you discover music while connecting with real people.<p>How does it work?
1. People vibe songs with personal context 2. Recommendations float as bottles in digital ocean 3. Each song disappears forever after discovery 4. Community votes for Song of the Week 5. Anti-algorithm approach creates genuine musical discovery<p>Early feedback has been promising, but I want to hear from you.<p>Hit me with your honest thoughts. I&#x27;m all ears!",,lucascliberato,2025-07-01T14:58:35Z,https://news.ycombinator.com/item?id=44434539,2026-06-20T10:18:55.976918+00:00,"{'source': 'hackernews', 'points': 1}"
social_media,"By delivering what people want, has Spotify killed the joy of music discovery?","By delivering what people want, has Spotify killed the joy of music discovery?",,nomilk,2024-08-25T12:20:44Z,https://news.ycombinator.com/item?id=41346786,2026-06-20T10:18:55.976945+00:00,"{'source': 'hackernews', 'points': 2}"
social_media,"In 2018, I want to find new music without using algorithms","In 2018, I want to find new music without using algorithms",,lnguyen,2018-01-03T10:51:20Z,https://news.ycombinator.com/item?id=16059996,2026-06-20T10:18:55.976958+00:00,"{'source': 'hackernews', 'points': 2}"
social_media,Indie Music Discovery (@midtnmusic) / Twitter,Indie/DIYmusicinterviews and playlists. Submitmusicon oursite. Founded in 2011 by Joshua and C Bret.MusicBusiness Consulting services available.,,,,//duckduckgo.com/l/?uddg=https%3A%2F%2Ftwitter.com%2Fmidtnmusic&rut=0f5c284be8e1b7804aeb24bbe1f66f7a2f1693d45a1b832a21556f276f0c5037,2026-06-20T10:18:59.533268+00:00,"{'source': 'twitter/x', 'search_query': 'site:twitter.com spotify music discovery'}"
social_media,Ads repository - Twitter,Explore Twitter's Ads repository for insights and tools to enhance your advertising campaigns and achieve impactful results.,,,,//duckduckgo.com/l/?uddg=https%3A%2F%2Fads.twitter.com%2Fads%2Drepository&rut=b95f15d7707be159ff9b321607828b8b81a8685e65f06f4525bb2cb186eafde2,2026-06-20T10:18:59.533802+00:00,"{'source': 'twitter/x', 'search_query': 'site:twitter.com spotify music discovery'}"
social_media,Twitter Blog,"Discover insights, updates, and stories from the official Twitter blog.",,,,//duckduckgo.com/l/?uddg=https%3A%2F%2Fblog.twitter.com%2Fcontent%2Fdam%2Fblog%2Dtwitter%2Farchive%2Fintroducing_starwarsemojis95.thumb.1280.1280.png&rut=0086866d1499689fec817f0cfb053471ecdbf618c3dfd5b041fc95e73836fd40,2026-06-20T10:18:59.534451+00:00,"{'source': 'twitter/x', 'search_query': 'site:twitter.com spotify music discovery'}"
social_media,SpotiTips (@SpotiTips) / Posts / X,SpotiTips (@SpotiTips) - Posts -Spotifymusicrecommendationsby and for music lovers | X (formerly Twitter),,,,//duckduckgo.com/l/?uddg=https%3A%2F%2Fx.com%2FSpotiTips&rut=27349e15d40a915ddd2d2e5d81b8a6f33bb2f6979a6e63dd51e2cf20ba4a6eb8,2026-06-20T10:19:01.688021+00:00,"{'source': 'twitter/x', 'search_query': 'site:x.com spotify recommendations'}"
social_media,Spotify (@Spotify) / Posts / X - Twitter,"Discover the latest music, playlists, and updates fromSpotifyon their official X account.",,,,//duckduckgo.com/l/?uddg=https%3A%2F%2Fx.com%2FSpotify&rut=f55c3a18b4fdc557a6a4cb2cbe499fbed89b549888d9656e5833ebe2ee1792d3,2026-06-20T10:19:01.688208+00:00,"{'source': 'twitter/x', 'search_query': 'site:x.com spotify recommendations'}"
social_media,Ni-ki's Playlist Sort it by most recent to get latest recommendations,K (@enhaonly01). 19 likes. Ni-ki's Playlist Sort it by most recent to get latestrecommendations,,,,//duckduckgo.com/l/?uddg=https%3A%2F%2Fx.com%2Fenhaonly01%2Fstatus%2F2060748841293348901&rut=69815c1a5272aa7de809878099c00b09384cf7aafc7e4d6c2f51e6d5bf659202,2026-06-20T10:19:01.688394+00:00,"{'source': 'twitter/x', 'search_query': 'site:x.com spotify recommendations'}"
social_media,Which album do you always recommend to new friends?,Spotify(@Spotify). 841 replies. Which album do you always recommend to new friends? 👀,,,,//duckduckgo.com/l/?uddg=https%3A%2F%2Fx.com%2FSpotify%2Fstatus%2F2027479257128067548&rut=f9e06e9fee531725f47347bad30b02a2c2c931590978179177b2673ad6598840,2026-06-20T10:19:01.688574+00:00,"{'source': 'twitter/x', 'search_query': 'site:x.com spotify recommendations'}"
social_media,Spotify recommendations never disappoint,Stargazer (@StargazerShorts). 151 replies.Spotifyrecommendationsnever disappoint,,,,//duckduckgo.com/l/?uddg=https%3A%2F%2Fx.com%2FStargazerShorts%2Fstatus%2F2029723182148551055&rut=cd22d5b19af77c4f7473b5f2c09d8a84432a782ef8376cc76f622df8b40a21d2,2026-06-20T10:19:01.688908+00:00,"{'source': 'twitter/x', 'search_query': 'site:x.com spotify recommendations'}"
social_media,this album came up on my Spotify recommendations and I think I just ...,🪩 eME!rald ☁️ (@hushmirrorball). 124 replies. this album came up on mySpotifyrecommendationsand I think I just accidentally stumbled into the next big pop girlie.,,,,//duckduckgo.com/l/?uddg=https%3A%2F%2Fx.com%2Fhushmirrorball%2Fstatus%2F2044124047651602815&rut=1ae04e27c5eba538fcda17fa2cec0f9e3dc559572851083ca07bbe4ce94e3cbc,2026-06-20T10:19:01.691493+00:00,"{'source': 'twitter/x', 'search_query': 'site:x.com spotify recommendations'}"
social_media,"My Spotify recommendations have been useless for weeks, please ...","𝖓𝖎𝖓𝖊 🕯 (@atlanticesque). 72 likes 40 replies. MySpotifyrecommendationshave been useless for weeks, please recommend me new songs below this post (spotifylinks ideal) thank you",,,,//duckduckgo.com/l/?uddg=https%3A%2F%2Fx.com%2Fatlanticesque%2Fstatus%2F2036808972733174006&rut=051513bf82dc127b5d7892076494ff144d14d7576e449d4765429ea3078cb0ae,2026-06-20T10:19:01.692062+00:00,"{'source': 'twitter/x', 'search_query': 'site:x.com spotify recommendations'}"
social_media,RT @StargazerShorts: Spotify recommendations never disappoint,Chatear con Hata no Kokoro (@tadearaneta). RT @StargazerShorts:Spotifyrecommendationsnever disappoint,,,,//duckduckgo.com/l/?uddg=https%3A%2F%2Fx.com%2Ftadearaneta%2Fstatus%2F2030452986887930211&rut=276a72440583864799f08e62f5a39ad10ef2abf20a338fac4e9ee5299d8422fb,2026-06-20T10:19:01.692366+00:00,"{'source': 'twitter/x', 'search_query': 'site:x.com spotify recommendations'}"
social_media,@eeclitse i just remembered that several months ago i made a playlist ...,i just remembered that several months ago i made a playlist specifically to collect this exact type of music whenever i'd get it in myspotifyrecommendations.. i'm at 11 songs so far🫩,,,,//duckduckgo.com/l/?uddg=https%3A%2F%2Fx.com%2Fhoshikoisntreal%2Fstatus%2F2043341003503845656&rut=b039dfb2033554229347595b43f02b2112ce36c8ef6503d822cf5a320f747d0a,2026-06-20T10:19:01.692753+00:00,"{'source': 'twitter/x', 'search_query': 'site:x.com spotify recommendations'}"
social_media,"Spotify recommendations be like: Hey, since you liked the effects that ...","Window 🇺🇸🦅 (@OneBreather). 21 views.Spotifyrecommendationsbe like: Hey, since you liked the effects that German and Italian immigration had on your countries, we are pretty sure that you will love receiving one trillion Somalians!",,,,//duckduckgo.com/l/?uddg=https%3A%2F%2Fx.com%2FOneBreather%2Fstatus%2F2049005491133849955&rut=d79fdfcde42dd485b97659f20232107f5e9d67b310e4ea624b319b655a6ad9a8,2026-06-20T11:50:31.470237+00:00,"{'source': 'twitter/x', 'search_query': 'site:x.com spotify recommendations'}"
